{"stats":{"minecraft:crafted":{"minecraft:oak_planks":16,"minecraft:crafting_table":4,"minecraft:spruce_planks":332,"minecraft:stick":68,"minecraft:wooden_pickaxe":1,"minecraft:stone_pickaxe":1,"minecraft:chest":3,"minecraft:torch":8},"minecraft:mined":{"minecraft:spruce_planks":1,"minecraft:glow_lichen":1,"minecraft:grass":85,"minecraft:oak_log":4,"minecraft:grass_block":2,"minecraft:coal_ore":13,"minecraft:gravel":1,"minecraft:dirt":1,"minecraft:stone_slab":3,"minecraft:tall_grass":20,"minecraft:copper_ore":1,"minecraft:stone":23,"minecraft:oak_leaves":1},"minecraft:used":{"minecraft:stone_pickaxe":18,"minecraft:chest":3,"minecraft:spruce_planks":101,"minecraft:wooden_pickaxe":81,"minecraft:torch":8,"minecraft:dirt":3,"minecraft:cobblestone":3,"minecraft:crafting_table":3,"minecraft:carrot":8},"minecraft:picked_up":{"minecraft:stick":1,"minecraft:cooked_beef":18,"minecraft:stone_slab":3,"minecraft:oak_log":4,"minecraft:stripped_spruce_log":83,"minecraft:carrot":19,"minecraft:dirt":3,"minecraft:raw_copper":2,"minecraft:wheat_seeds":12,"minecraft:spruce_planks":1,"delightful:acorn":2,"minecraft:oak_sapling":2,"minecraft:coal":13,"minecraft:cobblestone":20},"minecraft:custom":{"minecraft:time_since_rest":5716,"enigmaticlegacy:play_time_with_seven_curses":0,"minecraft:sprint_one_cm":22156,"minecraft:damage_taken":470,"minecraft:walk_one_cm":58739,"enigmaticlegacy:play_time_without_seven_curses":25453,"minecraft:interact_with_crafting_table":5,"minecraft:fly_one_cm":50720,"minecraft:open_chest":1,"minecraft:crouch_one_cm":928,"minecraft:play_time":25503,"minecraft:deaths":1,"minecraft:sneak_time":295,"minecraft:jump":359,"minecraft:leave_game":1,"minecraft:time_since_death":7219,"minecraft:total_world_time":25503,"minecraft:climb_one_cm":2286,"minecraft:fall_one_cm":13653}},"DataVersion":3465}