{"stats":{"minecraft:crafted":{"minecraft:oak_planks":16,"minecraft:crafting_table":4,"minecraft:stick":68,"minecraft:spruce_planks":52,"minecraft:stone_pickaxe":1,"minecraft:wooden_pickaxe":1},"minecraft:mined":{"minecraft:grass":2,"minecraft:grass_block":2,"minecraft:oak_log":4,"minecraft:gravel":1,"minecraft:dirt":1,"minecraft:stone":3,"minecraft:oak_leaves":1},"minecraft:used":{"minecraft:crafting_table":2,"minecraft:carrot":8,"minecraft:wooden_pickaxe":3},"minecraft:picked_up":{"minecraft:cooked_beef":18,"minecraft:stick":1,"delightful:acorn":2,"minecraft:oak_log":4,"minecraft:stripped_spruce_log":83,"minecraft:carrot":19,"minecraft:oak_sapling":2,"minecraft:dirt":3,"minecraft:cobblestone":3},"minecraft:custom":{"minecraft:time_since_rest":14588,"enigmaticlegacy:play_time_with_seven_curses":0,"minecraft:crouch_one_cm":167,"minecraft:play_time":14588,"minecraft:sprint_one_cm":12964,"minecraft:damage_taken":170,"minecraft:walk_one_cm":25933,"minecraft:sneak_time":62,"minecraft:jump":174,"minecraft:time_since_death":14588,"minecraft:climb_one_cm":1214,"enigmaticlegacy:play_time_without_seven_curses":14588,"minecraft:total_world_time":14588,"minecraft:interact_with_crafting_table":3,"minecraft:fall_one_cm":5769,"minecraft:fly_one_cm":15473}},"DataVersion":3465}