{"stats":{"minecraft:killed_by":{"minecraft:creeper":6,"farlanders:rebel":2,"minecraft:zombie":4,"vampirism:vampire":1,"minecraft:spider":1,"minecraft:skeleton":3},"minecraft:mined":{"thermal:deepslate_tin_ore":4,"minecraft:prismarine_wall":1,"minecraft:white_bed":5,"thermal:cinnabar_ore":7,"thermal:sulfur_ore":17,"thermal:tin_ore":15,"minecraft:brewing_stand":1,"minecraft:grass_block":4,"gobber2:gobber2_lucky_block":6,"minecraft:nether_wart":4,"minecraft:oxeye_daisy":13,"minecraft:spawner":1,"farmersdelight:wild_rice":1,"minecraft:iron_ore":97,"minecraft:cobbled_deepslate":1,"minecraft:fire":1,"minecraft:pumpkin":10,"minecraft:deepslate_lapis_ore":4,"minecraft:light_gray_concrete":13,"minecraft:spruce_slab":2,"minecraft:deepslate_redstone_ore":2,"mekanism:osmium_ore":38,"minecraft:red_bed":2,"thermal:lead_ore":9,"minecraft:chiseled_quartz_block":2,"minecraft:torch":2,"minecraft:poppy":3,"mekanism:tin_ore":74,"minecraft:cobblestone":44,"thermal:deepslate_lead_ore":2,"minecraft:grindstone":1,"minecraft:sugar_cane":6,"minecraft:iron_door":2,"minecraft:wall_torch":2,"minecraft:wheat":38,"minecraft:lilac":1,"minecraft:stone_brick_stairs":3,"minecraft:smooth_stone_slab":2,"minecraft:grass":2911,"thermal:niter_ore":3,"mekanism:deepslate_tin_ore":30,"minecraft:oak_log":9,"delightful:mini_melon":30,"mekanism:lead_ore":25,"minecraft:dirt":7,"minecraft:smooth_quartz":17,"thermal:nickel_ore":2,"minecraft:deepslate":40,"minecraft:diamond_ore":2,"minecraft:tuff":3,"farmersdelight:wild_carrots":33,"mekanism:deepslate_osmium_ore":14,"minecraft:glow_lichen":1,"minecraft:allium":17,"minecraft:spruce_fence":8,"minecraft:redstone_wire":1,"thermal:deepslate_nickel_ore":8,"minecraft:spruce_leaves":6,"minecraft:potted_bamboo":1,"minecraft:large_fern":23,"minecraft:hay_block":18,"farmersdelight:wild_onions":4,"minecraft:furnace":1,"minecraft:spruce_sapling":3,"minecraft:carrots":3,"minecraft:andesite":8,"minecraft:stripped_spruce_log":2,"farmersdelight:rope":23,"minecraft:deepslate_iron_ore":39,"minecraft:vine":1,"minecraft:bamboo_sapling":1,"minecraft:bamboo":1,"minecraft:stone":461,"minecraft:white_tulip":20,"minecraft:smithing_table":1,"mekanism:deepslate_lead_ore":5,"minecraft:gray_concrete":1,"minecraft:soul_sand":5,"minecraft:dandelion":29,"minecraft:crafting_table":2,"minecraft:cornflower":2,"minecraft:tall_grass":592,"minecraft:copper_ore":23,"minecraft:lapis_ore":7,"minecraft:deepslate_gold_ore":16,"minecraft:ice":2,"minecraft:white_carpet":1,"minecraft:spruce_log":180,"thermal:deepslate_silver_ore":8,"gobber2:gobber2_lucky_block_deepslate":5,"minecraft:coal_ore":291,"minecraft:gravel":50,"minecraft:cobweb":2,"minecraft:gold_ore":6,"thermal:deepslate_sulfur_ore":12,"minecraft:fern":96},"minecraft:killed":{"vampirism:vampire":7,"minecraft:cave_spider":1,"vampirism:advanced_vampire":1,"minecraft:spider":9,"minecraft:skeleton":13,"majruszsdifficulty:creeperling":1,"minecraft:pig":17,"farlanders:rebel":3,"minecraft:creeper":7,"minecraft:sheep":9,"minecraft:zombie":12,"minecraft:cow":2,"farlanders:looter":1},"minecraft:broken":{"minecraft:stone_pickaxe":4,"minecraft:stone_axe":2,"farlanders:rebel_farlander_helmet":1,"minecraft:wooden_axe":1,"minecraft:stone_shovel":1,"minecraft:stone_sword":1,"minecraft:wooden_pickaxe":1,"minecraft:iron_axe":2,"minecraft:iron_pickaxe":3},"minecraft:picked_up":{"minecraft:wheat":169,"minecraft:flower_pot":1,"minecraft:smithing_table":1,"minecraft:lead":23,"minecraft:stone_brick_stairs":1,"minecraft:brewing_stand":1,"farmersdelight:cutting_board":1,"minecraft:string":20,"minecraft:raw_copper":80,"minecraft:smooth_stone_slab":2,"thermal:sulfur":111,"minecraft:cobbled_deepslate":48,"minecraft:white_tulip":20,"minecraft:smooth_quartz":16,"delightful:green_tea_leaf":6,"minecraft:furnace":1,"farlanders:rebel_farlander_helmet":1,"minecraft:stick":45,"minecraft:torch":15,"thermal:raw_lead":11,"minecraft:porkchop":46,"tombstone:grave_dust":6,"vampirism:vampire_fang":4,"mekanism:raw_tin":104,"gobber2:gobber2_foo":1,"minecraft:stone_sword":1,"minecraft:rotten_flesh":29,"farmersdelight:tree_bark":421,"farmersdelight:onion":4,"farmersdelight:rope":22,"minecraft:cobblestone":554,"minecraft:lilac":1,"farmersdelight:rice":1,"minecraft:iron_door":2,"delightful:animal_fat":31,"minecraft:andesite":8,"minecraft:chiseled_quartz_block":2,"farmersdelight:bacon":90,"minecraft:flint":5,"minecraft:tuff":4,"minecraft:lapis_lazuli":73,"minecraft:dirt":56,"farmersdelight:mutton_chops":28,"minecraft:leather_boots":1,"bhc:red_heart":4,"minecraft:bone":24,"gobber2:gobber2_gooey_beef":3,"minecraft:bow":1,"delightful:mini_melon":30,"minecraft:wheat_seeds":787,"minecraft:raw_gold":26,"minecraft:grindstone":1,"minecraft:bamboo":11,"gobber2:gobber2_gooey_bread":3,"thermal:raw_tin":19,"minecraft:stripped_spruce_log":423,"farmersdelight:ham":8,"farmersdelight:cooked_mutton_chops":6,"minecraft:bundle":1,"minecraft:light_gray_concrete":10,"minecraft:diamond":2,"waystones:waystone":3,"minecraft:oak_sapling":5,"gobber2:gobber2_goo":4,"minecraft:charcoal":4,"minecraft:allium":24,"minecraft:crafting_table":2,"minecraft:nether_wart":12,"minecraft:ladder":2,"thermal:raw_silver":8,"thermal:cinnabar":11,"minecraft:cornflower":2,"minecraft:red_bed":2,"thermal:raw_nickel":10,"minecraft:white_carpet":1,"minecraft:beef":3,"farmersdelight:straw":569,"thermal:niter":13,"minecraft:poppy":3,"minecraft:spruce_slab":1,"minecraft:sugar_cane":6,"minecraft:egg":18,"minecraft:raw_iron":146,"farmersdelight:minced_beef":6,"minecraft:spruce_fence":7,"minecraft:carrot":232,"minecraft:redstone":10,"minecraft:arrow":10,"minecraft:hay_block":18,"mekanism:cardboard_box":3,"minecraft:mutton":14,"minecraft:white_wool":8,"minecraft:oxeye_daisy":13,"vampirism:vampire_blood_bottle":1,"mekanism:raw_lead":30,"minecraft:leather":3,"minecraft:oak_log":9,"farlanders:looter_hood":1,"minecraft:gunpowder":11,"minecraft:apple":1,"minecraft:soul_sand":5,"minecraft:pumpkin":10,"minecraft:dandelion":23,"minecraft:gravel":45,"enigmaticlegacy:enigmatic_amulet":1,"minecraft:spruce_sapling":60,"minecraft:white_bed":5,"minecraft:spruce_log":505,"mekanism:raw_osmium":52,"minecraft:spider_eye":7,"minecraft:prismarine_wall":1,"minecraft:black_wool":1,"minecraft:coal":313,"minecraft:ender_pearl":1},"minecraft:used":{"minecraft:spruce_slab":1,"minecraft:chest":8,"minecraft:shield":38,"minecraft:stone":9,"minecraft:iron_sword":20,"minecraft:soul_sand":1,"minecraft:carrot":70,"minecraft:allium":1,"minecraft:milk_bucket":2,"minecraft:lava_bucket":2,"farmersdelight:cutting_board":2,"minecraft:bow":3,"minecraft:furnace":3,"farmersdelight:safety_net":9,"minecraft:egg":18,"minecraft:spruce_door":1,"minecraft:stone_pickaxe":524,"minecraft:wooden_pickaxe":59,"minecraft:composter":1,"minecraft:gray_concrete":1,"waystones:waystone":3,"minecraft:light_gray_concrete":10,"minecraft:gravel":5,"minecraft:wooden_sword":40,"minecraft:smooth_stone_slab":1,"minecraft:bone_meal":54,"minecraft:stone_sword":131,"mekanism:cardboard_box":3,"minecraft:stone_shovel":115,"minecraft:stone_hoe":208,"minecraft:torch":325,"minecraft:dirt":46,"farmersdelight:flint_knife":1888,"minecraft:white_carpet":4,"minecraft:spruce_fence":89,"farmersdelight:rope":363,"minecraft:wooden_axe":67,"minecraft:iron_axe":86,"minecraft:smooth_quartz":5,"minecraft:bamboo":11,"farmersdelight:cooked_mutton_chops":28,"minecraft:cooked_beef":3,"minecraft:cobbled_deepslate":9,"minecraft:wheat_seeds":83,"farmersdelight:iron_knife":1770,"minecraft:water_bucket":12,"farlanders:looter_hood":1,"minecraft:crafting_table":4,"minecraft:red_bed":3,"minecraft:white_bed":1,"minecraft:spruce_log":12,"minecraft:flower_pot":1,"minecraft:apple":2,"minecraft:iron_pickaxe":871,"minecraft:spruce_sapling":57,"minecraft:stone_axe":390,"farmersdelight:cooked_bacon":90,"minecraft:cobblestone":411,"minecraft:bucket":14},"minecraft:crafted":{"minecraft:oak_planks":36,"dustrial_decor:cardboard_boots":1,"mekanism:ingot_osmium":7,"farmersdelight:canvas":35,"hangglider:hang_glider":1,"farmersdelight:rope":640,"farmersdelight:safety_net":10,"bhc:red_heart_patch":1,"minecraft:iron_boots":1,"sophisticatedbackpacks:copper_backpack":1,"minecraft:chest":18,"minecraft:copper_block":5,"minecraft:stone_hoe":1,"minecraft:wooden_shovel":1,"sophisticatedbackpacks:backpack":1,"minecraft:crafting_table":2,"minecraft:spruce_planks":916,"minecraft:wooden_pickaxe":1,"minecraft:spruce_door":3,"dustrial_decor:cardboard":12,"minecraft:copper_ingot":80,"farmersdelight:beef_patty":6,"farmersdelight:cutting_board":1,"thermal:nickel_ingot":2,"minecraft:iron_chestplate":1,"minecraft:wooden_hoe":1,"minecraft:paper":25,"minecraft:charcoal":10,"minecraft:shield":1,"minecraft:stick":504,"minecraft:iron_ingot":54,"minecraft:iron_pickaxe":4,"minecraft:gold_ingot":5,"minecraft:iron_block":1,"minecraft:stone_sword":1,"farmersdelight:cooked_bacon":90,"minecraft:composter":1,"minecraft:wooden_sword":1,"minecraft:stone_shovel":1,"minecraft:furnace":2,"minecraft:bone_meal":54,"minecraft:spruce_fence":192,"minecraft:white_carpet":3,"minecraft:iron_axe":3,"minecraft:spruce_slab":12,"minecraft:stone_pickaxe":4,"minecraft:lead":19,"sophisticatedbackpacks:iron_backpack":1,"minecraft:cooked_beef":3,"minecraft:red_dye":1,"farmersdelight:cooked_mutton_chops":22,"minecraft:iron_sword":1,"minecraft:red_bed":1,"minecraft:bucket":1,"minecraft:stone_axe":2,"minecraft:air":0,"minecraft:wooden_axe":1,"minecraft:white_bed":1,"dustrial_decor:cardboard_chestplate":1,"minecraft:torch":296},"minecraft:custom":{"enigmaticlegacy:play_time_with_seven_curses":0,"minecraft:animals_bred":78,"minecraft:interact_with_crafting_table":55,"minecraft:open_barrel":9,"minecraft:leave_game":9,"minecraft:time_since_death":4047,"minecraft:sprint_one_cm":618466,"minecraft:damage_blocked_by_shield":1816,"minecraft:drop":2,"minecraft:talked_to_villager":3,"minecraft:play_time":408013,"minecraft:deaths":20,"minecraft:jump":4171,"minecraft:walk_on_water_one_cm":6510,"minecraft:interact_with_furnace":59,"minecraft:sleep_in_bed":17,"minecraft:waystone_activated":5,"tombstone:sneak_grave":1,"minecraft:damage_dealt":15906,"minecraft:crouch_one_cm":16066,"tombstone:undead_killed":25,"minecraft:mob_kills":89,"tombstone:use_vanishing":1,"minecraft:damage_dealt_resisted":382,"minecraft:climb_one_cm":87693,"minecraft:walk_one_cm":650020,"minecraft:sneak_time":13256,"minecraft:walk_under_water_one_cm":5850,"minecraft:total_world_time":408013,"enigmaticlegacy:play_time_without_seven_curses":393142,"minecraft:time_since_rest":2679,"minecraft:damage_taken":12891,"minecraft:swim_one_cm":275,"minecraft:fly_one_cm":749873,"minecraft:open_chest":138,"minecraft:fall_one_cm":103364},"minecraft:dropped":{"minecraft:rotten_flesh":1,"enigmaticlegacy:enigmatic_amulet":1}},"DataVersion":3465}