{"stats":{"minecraft:killed_by":{"minecraft:creeper":8,"farlanders:rebel":2,"minecraft:zombie":4,"minecraft:cow":1,"vampirism:vampire":1,"minecraft:spider":1,"minecraft:skeleton":3},"minecraft:mined":{"thermal:deepslate_tin_ore":4,"minecraft:spruce_planks":8,"minecraft:prismarine_wall":1,"minecraft:white_bed":5,"minecraft:farmland":1,"thermal:cinnabar_ore":7,"thermal:sulfur_ore":17,"thermal:tin_ore":21,"minecraft:brewing_stand":1,"minecraft:grass_block":406,"gobber2:gobber2_lucky_block":6,"minecraft:composter":1,"minecraft:hopper":1,"minecraft:oxeye_daisy":13,"minecraft:nether_wart":4,"minecraft:spawner":1,"farmersdelight:wild_rice":1,"minecraft:iron_ore":102,"minecraft:cobbled_deepslate":1,"minecraft:fire":21,"minecraft:pumpkin":10,"minecraft:deepslate_lapis_ore":18,"minecraft:light_gray_concrete":13,"minecraft:spruce_slab":2,"minecraft:deepslate_redstone_ore":71,"mekanism:osmium_ore":38,"minecraft:red_bed":2,"mekanism:block_salt":9,"thermal:lead_ore":9,"minecraft:chiseled_quartz_block":2,"minecraft:torch":5,"minecraft:poppy":3,"minecraft:melon":3,"minecraft:chest":1,"mekanism:tin_ore":74,"minecraft:cobblestone":44,"thermal:deepslate_lead_ore":15,"minecraft:grindstone":1,"minecraft:sugar_cane":25,"minecraft:iron_door":2,"minecraft:wall_torch":2,"minecraft:wheat":82,"minecraft:lilac":2,"minecraft:stone_brick_stairs":3,"minecraft:smooth_stone_slab":2,"minecraft:grass":2977,"thermal:niter_ore":3,"mekanism:deepslate_tin_ore":30,"minecraft:oak_log":9,"delightful:mini_melon":30,"mekanism:lead_ore":34,"minecraft:smooth_quartz":17,"minecraft:sand":806,"minecraft:dirt":33,"thermal:nickel_ore":2,"minecraft:deepslate":56,"minecraft:diamond_ore":2,"minecraft:tuff":20,"minecraft:deepslate_diamond_ore":33,"farmersdelight:wild_carrots":33,"mekanism:deepslate_osmium_ore":24,"minecraft:glow_lichen":1,"minecraft:allium":19,"minecraft:spruce_fence":16,"minecraft:redstone_wire":1,"thermal:deepslate_nickel_ore":20,"minecraft:spruce_leaves":20,"minecraft:potted_bamboo":1,"minecraft:large_fern":23,"minecraft:hay_block":19,"farmersdelight:wild_onions":4,"minecraft:spruce_sapling":71,"minecraft:furnace":1,"minecraft:carrots":29,"rustic_engineer:solarite_ore_deep_slate":12,"minecraft:andesite":8,"minecraft:stripped_spruce_log":2,"minecraft:peony":1,"farmersdelight:rope":25,"minecraft:deepslate_iron_ore":48,"minecraft:vine":1,"minecraft:bamboo_sapling":4,"minecraft:bamboo":34,"minecraft:stone":563,"minecraft:white_tulip":22,"minecraft:smithing_table":1,"minecraft:podzol":17,"mekanism:deepslate_lead_ore":22,"minecraft:gray_concrete":1,"minecraft:soul_sand":5,"minecraft:dandelion":29,"minecraft:crafting_table":2,"minecraft:cornflower":2,"minecraft:stone_slab":13,"minecraft:tall_grass":607,"minecraft:copper_ore":23,"minecraft:deepslate_gold_ore":22,"minecraft:lapis_ore":7,"minecraft:ice":4,"minecraft:white_carpet":1,"minecraft:spruce_log":195,"thermal:deepslate_silver_ore":19,"gobber2:gobber2_lucky_block_deepslate":5,"minecraft:coal_ore":344,"minecraft:gravel":225,"minecraft:cobweb":2,"minecraft:gold_ore":6,"thermal:deepslate_sulfur_ore":12,"minecraft:fern":100},"minecraft:killed":{"vampirism:vampire":7,"minecraft:cave_spider":1,"vampirism:advanced_vampire":1,"minecraft:spider":13,"minecraft:skeleton":24,"minecraft:chicken":11,"majruszsdifficulty:creeperling":1,"minecraft:pig":29,"farlanders:rebel":3,"minecraft:creeper":11,"minecraft:sheep":9,"minecraft:zombie":19,"minecraft:stray":1,"minecraft:cow":12,"farlanders:looter":3},"minecraft:broken":{"minecraft:iron_chestplate":1,"minecraft:stone_pickaxe":4,"farmersdelight:flint_knife":1,"minecraft:stone_axe":2,"farlanders:rebel_farlander_helmet":1,"minecraft:wooden_axe":1,"minecraft:stone_shovel":1,"minecraft:stone_sword":1,"minecraft:wooden_pickaxe":1,"minecraft:iron_axe":3,"minecraft:iron_pickaxe":3,"minecraft:iron_helmet":1},"minecraft:picked_up":{"minecraft:wheat":361,"minecraft:flower_pot":1,"mekanism:raw_uranium":12,"minecraft:stone_slab":12,"minecraft:smithing_table":1,"minecraft:lead":29,"minecraft:stone_brick_stairs":1,"minecraft:brewing_stand":1,"farmersdelight:cutting_board":1,"minecraft:string":26,"minecraft:raw_copper":126,"minecraft:smooth_stone_slab":2,"thermal:sulfur":111,"minecraft:cobbled_deepslate":2294,"farmersdelight:cabbage":72,"minecraft:spruce_planks":7,"minecraft:white_tulip":22,"minecraft:smooth_quartz":16,"delightful:green_tea_leaf":18,"minecraft:melon_slice":10,"farmersdelight:cabbage_seeds":142,"minecraft:furnace":1,"minecraft:tipped_arrow":1,"farlanders:rebel_farlander_helmet":1,"minecraft:stick":118,"farmersdelight:rotten_tomato":8,"minecraft:composter":1,"thermal:raw_lead":30,"minecraft:torch":42,"minecraft:porkchop":81,"tombstone:grave_dust":7,"vampirism:vampire_fang":4,"farmersdelight:chicken_cuts":12,"mekanism:raw_tin":104,"gobber2:gobber2_foo":1,"minecraft:stone_sword":1,"minecraft:rotten_flesh":37,"farmersdelight:onion":132,"farmersdelight:tree_bark":421,"farmersdelight:rope":25,"minecraft:obsidian":22,"minecraft:cobblestone":654,"minecraft:cooked_beef":14,"minecraft:feather":14,"minecraft:lilac":2,"farmersdelight:rice":1,"minecraft:iron_door":2,"delightful:animal_fat":41,"minecraft:andesite":8,"minecraft:chiseled_quartz_block":2,"minecraft:potato":83,"farmersdelight:bacon":162,"minecraft:flint":26,"minecraft:tuff":317,"minecraft:lapis_lazuli":183,"farmersdelight:tomato":174,"minecraft:dirt":534,"farmersdelight:mutton_chops":28,"minecraft:leather_boots":1,"bhc:red_heart":6,"minecraft:bone":45,"minecraft:bow":1,"delightful:mini_melon":30,"gobber2:gobber2_gooey_beef":3,"minecraft:wheat_seeds":1195,"minecraft:raw_gold":32,"minecraft:grindstone":1,"minecraft:bamboo":353,"gobber2:gobber2_gooey_bread":3,"thermal:raw_tin":25,"minecraft:poisonous_potato":1,"minecraft:sand":796,"minecraft:stripped_spruce_log":423,"farmersdelight:ham":14,"farmersdelight:cooked_mutton_chops":6,"minecraft:bundle":2,"minecraft:light_gray_concrete":10,"minecraft:diamond":39,"waystones:waystone":3,"minecraft:bone_meal":6,"minecraft:oak_sapling":5,"gobber2:gobber2_goo":4,"minecraft:charcoal":4,"minecraft:crafting_table":2,"minecraft:allium":26,"minecraft:nether_wart":12,"minecraft:chicken":12,"minecraft:ladder":2,"thermal:raw_silver":30,"thermal:cinnabar":11,"minecraft:cornflower":2,"minecraft:red_bed":2,"thermal:raw_nickel":22,"minecraft:white_carpet":1,"minecraft:beef":24,"farmersdelight:straw":570,"thermal:niter":13,"minecraft:poppy":3,"minecraft:spruce_slab":1,"minecraft:sugar_cane":23,"minecraft:chest":1,"minecraft:egg":87,"minecraft:raw_iron":161,"farmersdelight:minced_beef":42,"minecraft:spruce_fence":19,"farmersdelight:tomato_seeds":120,"minecraft:carrot":572,"minecraft:redstone":380,"minecraft:arrow":24,"minecraft:peony":3,"minecraft:hay_block":19,"mekanism:cardboard_box":3,"minecraft:mutton":14,"minecraft:white_wool":15,"minecraft:oxeye_daisy":13,"vampirism:vampire_blood_bottle":1,"mekanism:raw_lead":59,"minecraft:leather":27,"minecraft:oak_log":9,"farlanders:looter_hood":2,"minecraft:gunpowder":14,"mekanism:salt":36,"minecraft:apple":1,"minecraft:soul_sand":5,"minecraft:iron_sword":3,"rustic_engineer:raw_solarite_ore":12,"minecraft:pumpkin":10,"minecraft:dandelion":23,"minecraft:gravel":204,"enigmaticlegacy:enigmatic_amulet":1,"minecraft:spruce_sapling":203,"minecraft:white_bed":5,"minecraft:spruce_log":1423,"mekanism:raw_osmium":65,"minecraft:spider_eye":8,"minecraft:prismarine_wall":1,"mekanism:fluorite_gem":10,"minecraft:black_wool":1,"minecraft:coal":366,"minecraft:hopper":1,"minecraft:ender_pearl":1},"minecraft:used":{"minecraft:spruce_slab":1,"farmersdelight:cabbage_seeds":26,"minecraft:chest":12,"minecraft:shield":57,"minecraft:stone":9,"minecraft:iron_sword":215,"minecraft:soul_sand":1,"minecraft:carrot":127,"minecraft:allium":1,"minecraft:tuff":100,"minecraft:milk_bucket":2,"minecraft:lava_bucket":2,"minecraft:lantern":1,"farmersdelight:cutting_board":2,"minecraft:bow":3,"minecraft:hay_block":1,"minecraft:furnace":3,"farmersdelight:safety_net":9,"minecraft:egg":46,"minecraft:potato":28,"minecraft:spruce_door":1,"minecraft:stone_pickaxe":524,"minecraft:wooden_pickaxe":59,"minecraft:composter":2,"minecraft:sugar_cane":23,"minecraft:diamond_axe":47,"minecraft:sand":14,"minecraft:gray_concrete":1,"waystones:waystone":3,"farmersdelight:cooked_chicken_cuts":12,"minecraft:light_gray_concrete":10,"minecraft:gravel":6,"minecraft:wooden_sword":40,"minecraft:smooth_stone_slab":1,"minecraft:bone_meal":161,"minecraft:stone_sword":131,"mekanism:cardboard_box":3,"minecraft:stone_shovel":115,"minecraft:spruce_planks":9,"minecraft:stone_hoe":208,"minecraft:torch":642,"minecraft:dirt":521,"farmersdelight:flint_knife":1888,"minecraft:white_carpet":6,"minecraft:hopper":11,"minecraft:spruce_fence":116,"farmersdelight:rope":391,"minecraft:iron_hoe":92,"minecraft:wooden_axe":67,"minecraft:iron_axe":113,"minecraft:smooth_quartz":5,"minecraft:melon_seeds":9,"minecraft:bamboo":277,"farmersdelight:cooked_mutton_chops":28,"minecraft:cooked_beef":3,"farmersdelight:tomato_seeds":27,"minecraft:cobbled_deepslate":9,"minecraft:wheat_seeds":110,"farmersdelight:iron_knife":1821,"minecraft:water_bucket":66,"farlanders:looter_hood":1,"farmersdelight:barbecue_stick":12,"farmersdelight:onion":27,"justhammers:diamond_hammer":302,"minecraft:crafting_table":5,"minecraft:red_bed":3,"minecraft:white_bed":1,"minecraft:spruce_log":13,"minecraft:smoker":2,"minecraft:flower_pot":1,"minecraft:diamond_pickaxe":412,"minecraft:apple":2,"minecraft:diamond_shovel":1470,"minecraft:iron_pickaxe":910,"minecraft:spruce_sapling":193,"minecraft:stone_axe":390,"farmersdelight:cooked_bacon":90,"minecraft:cobblestone":431,"farmersdelight:egg_sandwich":21,"minecraft:bucket":65},"minecraft:crafted":{"minecraft:oak_planks":36,"dustrial_decor:cardboard_boots":1,"bhc:heart_amulet":1,"mekanism:ingot_osmium":56,"minecraft:melon_slice":90,"farmersdelight:canvas":35,"hangglider:hang_glider":1,"minecraft:diamond_shovel":1,"minecraft:pink_carpet":1,"farmersdelight:rope":640,"farmersdelight:safety_net":10,"minecraft:glass":252,"minecraft:hopper":10,"bhc:red_heart_patch":1,"minecraft:iron_boots":3,"sophisticatedbackpacks:copper_backpack":1,"minecraft:melon_seeds":9,"justhammers:diamond_hammer":1,"minecraft:chest":22,"minecraft:copper_block":5,"minecraft:stone_hoe":1,"minecraft:magenta_dye":3,"minecraft:smoker":2,"minecraft:golden_axe":1,"minecraft:glass_bottle":249,"farmersdelight:tomato_seeds":19,"mekanism:ingot_tin":104,"minecraft:wooden_shovel":1,"sophisticatedbackpacks:backpack":1,"minecraft:diamond_axe":1,"minecraft:crafting_table":3,"minecraft:spruce_planks":928,"minecraft:iron_helmet":1,"minecraft:wooden_pickaxe":1,"farmersdelight:egg_sandwich":82,"minecraft:spruce_door":3,"dustrial_decor:cardboard":12,"minecraft:copper_ingot":80,"mekanism:ingot_lead":39,"farmersdelight:beef_patty":42,"farmersdelight:cutting_board":1,"farmersdelight:fried_egg":234,"thermal:nickel_ingot":2,"minecraft:charcoal":10,"minecraft:iron_chestplate":2,"minecraft:wooden_hoe":1,"minecraft:paper":25,"minecraft:diamond_pickaxe":1,"minecraft:shield":1,"farmersdelight:barbecue_stick":68,"minecraft:stick":533,"minecraft:leather_chestplate":1,"minecraft:iron_ingot":186,"minecraft:iron_pickaxe":4,"minecraft:iron_block":1,"minecraft:stone_sword":1,"minecraft:gold_ingot":31,"farmersdelight:cooked_bacon":162,"minecraft:light_gray_dye":2,"rustic_engineer:solarite_ingot":12,"minecraft:light_gray_carpet":1,"minecraft:composter":1,"minecraft:shears":1,"farmersdelight:milk_bottle":248,"minecraft:wooden_sword":1,"minecraft:stone_shovel":1,"minecraft:furnace":4,"minecraft:bone_meal":129,"minecraft:spruce_fence":192,"minecraft:pink_dye":2,"minecraft:white_carpet":12,"rustic_engineer:gear":2,"bhc:red_heart_melted":2,"thermal:silver_ingot":14,"minecraft:iron_axe":4,"minecraft:spruce_slab":12,"minecraft:iron_hoe":1,"farmersdelight:cooked_chicken_cuts":12,"minecraft:stone_pickaxe":4,"minecraft:lead":19,"minecraft:wheat":162,"sophisticatedbackpacks:iron_backpack":2,"minecraft:cooked_beef":3,"minecraft:red_dye":2,"farmersdelight:cooked_mutton_chops":22,"minecraft:iron_sword":1,"minecraft:red_bed":1,"sophisticatedbackpacks:gold_backpack":3,"minecraft:leather_helmet":1,"minecraft:bucket":1,"minecraft:stone_axe":3,"minecraft:bread":99,"minecraft:air":0,"minecraft:blue_dye":1,"thermal:lead_ingot":16,"minecraft:wooden_axe":2,"minecraft:white_bed":1,"dustrial_decor:cardboard_chestplate":1,"minecraft:torch":592,"minecraft:magenta_carpet":1},"minecraft:custom":{"enigmaticlegacy:play_time_with_seven_curses":0,"minecraft:animals_bred":178,"minecraft:interact_with_crafting_table":107,"minecraft:open_barrel":9,"minecraft:leave_game":15,"minecraft:time_since_death":20922,"minecraft:sprint_one_cm":1147739,"minecraft:damage_blocked_by_shield":2806,"minecraft:drop":8,"minecraft:talked_to_villager":8,"minecraft:play_time":906601,"minecraft:deaths":23,"minecraft:jump":6805,"minecraft:walk_on_water_one_cm":16378,"minecraft:interact_with_furnace":89,"minecraft:sleep_in_bed":34,"minecraft:waystone_activated":5,"tombstone:sneak_grave":1,"minecraft:damage_dealt":24474,"minecraft:crouch_one_cm":32932,"tombstone:undead_killed":44,"minecraft:interact_with_smoker":22,"minecraft:horse_one_cm":16406,"minecraft:mob_kills":153,"minecraft:inspect_hopper":6,"tombstone:use_vanishing":1,"minecraft:damage_dealt_resisted":382,"minecraft:climb_one_cm":156850,"minecraft:walk_one_cm":1320706,"minecraft:sneak_time":21402,"minecraft:walk_under_water_one_cm":5850,"minecraft:total_world_time":906601,"enigmaticlegacy:play_time_without_seven_curses":891632,"minecraft:pot_flower":1,"minecraft:time_since_rest":19550,"minecraft:damage_taken":17720,"minecraft:swim_one_cm":275,"minecraft:fly_one_cm":1275332,"minecraft:open_chest":343,"minecraft:fall_one_cm":176826},"minecraft:dropped":{"minecraft:cooked_beef":18,"minecraft:pink_dye":1,"minecraft:rotten_flesh":1,"minecraft:carrot":19,"enigmaticlegacy:enigmatic_amulet":1,"minecraft:stripped_spruce_log":83,"minecraft:light_gray_dye":1,"minecraft:magenta_dye":2}},"DataVersion":3465}