{"stats":{"minecraft:crafted":{"minecraft:crafting_table":1,"minecraft:melon_slice":9,"minecraft:spruce_planks":188,"minecraft:wooden_pickaxe":2,"minecraft:stone_pickaxe":1,"minecraft:wooden_axe":1},"minecraft:custom":{"minecraft:time_since_rest":1585,"enigmaticlegacy:play_time_with_seven_curses":0,"lootr:looted_stat":4,"minecraft:sprint_one_cm":26102,"minecraft:damage_taken":235,"minecraft:walk_one_cm":26264,"minecraft:damage_dealt":55,"enigmaticlegacy:play_time_without_seven_curses":13632,"minecraft:talked_to_villager":1,"minecraft:interact_with_crafting_table":3,"minecraft:fly_one_cm":22650,"minecraft:crouch_one_cm":38,"minecraft:play_time":13664,"minecraft:deaths":1,"minecraft:sneak_time":132,"minecraft:jump":167,"minecraft:time_since_death":7499,"minecraft:sleep_in_bed":1,"minecraft:total_world_time":13664,"minecraft:fall_one_cm":2582},"minecraft:mined":{"minecraft:large_fern":15,"minecraft:iron_ore":19,"minecraft:spruce_log":34,"minecraft:crafting_table":1,"minecraft:coal_ore":42,"delightful:mini_melon":3,"minecraft:cobblestone":59,"minecraft:stone":3,"delightful:wild_salmonberries":2},"minecraft:killed_by":{"minecraft:zombie":1},"minecraft:broken":{"minecraft:wooden_pickaxe":1},"minecraft:used":{"minecraft:wooden_axe":25,"minecraft:melon_slice":3,"minecraft:stone_pickaxe":65,"minecraft:spruce_planks":4,"minecraft:wooden_pickaxe":59,"minecraft:crafting_table":1},"minecraft:picked_up":{"minecraft:raw_iron":19,"minecraft:stick":7,"minecraft:crafting_table":1,"minecraft:spruce_sapling":8,"delightful:salmonberries":2,"minecraft:spruce_log":47,"delightful:mini_melon":3,"minecraft:wheat_seeds":6,"minecraft:coal":42,"minecraft:cobblestone":62}},"DataVersion":3465}