{"stats":{"minecraft:picked_up":{"minecraft:waxed_oxidized_cut_copper":3,"minecraft:charcoal":44,"minecraft:mud_brick_slab":13,"minecraft:crafting_table":5,"minecraft:ladder":3,"minecraft:crimson_trapdoor":2,"minecraft:waxed_cut_copper_slab":2,"farmersdelight:cutting_board":1,"minecraft:moss_carpet":27,"minecraft:string":22,"thermal:raw_nickel":4,"minecraft:blackstone":72,"minecraft:spruce_planks":16,"minecraft:beef":1,"minecraft:player_head":1,"minecraft:spruce_slab":4,"minecraft:sugar_cane":5,"minecraft:chest":1,"minecraft:mangrove_log":68,"minecraft:furnace":4,"minecraft:stick":14,"farmersdelight:minced_beef":2,"minecraft:green_bed":4,"minecraft:spruce_fence":1,"minecraft:porkchop":8,"minecraft:lightning_rod":2,"tombstone:grave_dust":6,"minecraft:dark_oak_planks":10,"minecraft:waxed_cut_copper_stairs":2,"minecraft:arrow":19,"minecraft:rotten_flesh":21,"minecraft:mangrove_roots":90,"minecraft:waxed_cut_copper":4,"minecraft:mutton":1,"minecraft:glow_berries":4,"minecraft:white_wool":1,"minecraft:mud_bricks":42,"minecraft:smoker":1,"bhc:wither_bone":2,"farmersdelight:bacon":16,"minecraft:packed_mud":21,"minecraft:flint":4,"minecraft:wither_skeleton_skull":1,"farmersdelight:mutton_chops":2,"bhc:red_heart":6,"minecraft:bone":33,"farmersdelight:pumpkin_slice":56,"minecraft:spruce_wood":50,"tombstone:bag_of_seeds":2,"minecraft:moss_block":11,"minecraft:oak_planks":11,"minecraft:dark_oak_stairs":3,"minecraft:oak_slab":1,"minecraft:smooth_basalt":4,"minecraft:black_terracotta":3,"minecraft:pumpkin":14,"minecraft:gravel":60,"minecraft:jungle_planks":6,"minecraft:crimson_stairs":1,"minecraft:stripped_spruce_log":62,"minecraft:spruce_log":128,"minecraft:spider_eye":1,"minecraft:oak_wood":1,"minecraft:soul_lantern":2,"minecraft:coal":1,"minecraft:mangrove_propagule":6,"minecraft:dark_oak_wood":5,"minecraft:bricks":1},"minecraft:broken":{"minecraft:iron_boots":1,"minecraft:iron_leggings":1,"minecraft:stone_axe":1,"minecraft:wooden_axe":1},"minecraft:crafted":{"minecraft:oak_planks":4,"minecraft:furnace":1,"minecraft:mud_bricks":4,"minecraft:diamond_shovel":1,"minecraft:spruce_fence":18,"minecraft:ladder":6,"minecraft:spruce_slab":6,"minecraft:chest":4,"minecraft:dark_oak_planks":12,"minecraft:diamond_sword":1,"farmersdelight:cooked_mutton_chops":2,"minecraft:diamond_axe":1,"minecraft:spruce_planks":816,"farmersdelight:flint_knife":1,"minecraft:mangrove_planks":4,"minecraft:stone_axe":2,"minecraft:air":0,"farmersdelight:cutting_board":1,"minecraft:charcoal":32,"minecraft:diamond_pickaxe":1,"minecraft:shield":1,"minecraft:stick":100,"minecraft:wooden_axe":1,"minecraft:stone_sword":1,"farmersdelight:cooked_bacon":16,"minecraft:torch":112,"minecraft:diamond_chestplate":1},"minecraft:custom":{"enigmaticlegacy:play_time_with_seven_curses":0,"minecraft:mob_kills":68,"minecraft:interact_with_crafting_table":25,"minecraft:open_barrel":11,"minecraft:leave_game":4,"minecraft:time_since_death":7823,"minecraft:climb_one_cm":11988,"minecraft:sprint_one_cm":109685,"minecraft:walk_one_cm":201087,"minecraft:damage_blocked_by_shield":2610,"minecraft:drop":6,"minecraft:talked_to_villager":1,"minecraft:play_time":453503,"minecraft:deaths":27,"minecraft:sneak_time":11260,"minecraft:walk_under_water_one_cm":2831,"minecraft:jump":681,"minecraft:walk_on_water_one_cm":7006,"minecraft:total_world_time":453503,"minecraft:interact_with_furnace":21,"enigmaticlegacy:play_time_without_seven_curses":452056,"minecraft:sleep_in_bed":4,"minecraft:time_since_rest":7497,"minecraft:damage_taken":9654,"minecraft:damage_dealt":11735,"minecraft:swim_one_cm":6046,"minecraft:fly_one_cm":109259,"minecraft:open_chest":37,"minecraft:crouch_one_cm":23385,"tombstone:undead_killed":49,"minecraft:interact_with_smoker":1,"minecraft:fall_one_cm":16201},"minecraft:mined":{"minecraft:dark_oak_planks":13,"minecraft:waxed_cut_copper_slab":3,"minecraft:spruce_planks":18,"minecraft:black_terracotta":6,"minecraft:mangrove_roots":90,"minecraft:ladder":3,"minecraft:glow_lichen":1,"minecraft:cave_vines_plant":11,"minecraft:spruce_fence":1,"minecraft:jungle_planks":6,"thermal:deepslate_nickel_ore":4,"minecraft:mud_bricks":44,"minecraft:spawner":3,"minecraft:waxed_oxidized_cut_copper":3,"minecraft:furnace":4,"minecraft:packed_mud":22,"minecraft:dark_oak_trapdoor":2,"minecraft:stripped_spruce_log":54,"minecraft:pumpkin":14,"minecraft:dark_oak_stairs":10,"minecraft:cave_vines":19,"minecraft:spruce_wood":50,"minecraft:azalea":1,"minecraft:blue_orchid":1,"minecraft:spruce_slab":3,"minecraft:green_bed":4,"minecraft:waxed_cut_copper_stairs":2,"minecraft:waxed_cut_copper":4,"minecraft:oak_slab":1,"minecraft:mud_brick_slab":13,"minecraft:blackstone":72,"minecraft:smoker":1,"minecraft:soul_lantern":2,"minecraft:crafting_table":5,"minecraft:dark_oak_wood":6,"minecraft:oak_wood":1,"minecraft:rose_bush":1,"minecraft:lightning_rod":2,"minecraft:sugar_cane":5,"minecraft:oak_planks":12,"minecraft:bricks":1,"minecraft:dark_oak_slab":1,"minecraft:spruce_log":128,"minecraft:gravel":64,"minecraft:cobweb":22,"minecraft:mangrove_log":44,"minecraft:smooth_basalt":4,"minecraft:small_dripleaf":1},"minecraft:killed_by":{"minecraft:wither_skeleton":1,"minecraft:skeleton":5,"minecraft:zombie":20},"minecraft:killed":{"minecraft:spider":1,"minecraft:skeleton":25,"minecraft:pig":4,"minecraft:sheep":1,"minecraft:zombie":20,"minecraft:wither_skeleton":4,"minecraft:cow":1},"minecraft:used":{"minecraft:moss_carpet":3,"minecraft:stone_sword":70,"minecraft:spruce_slab":2,"minecraft:ladder":7,"minecraft:chest":4,"minecraft:spruce_planks":410,"minecraft:shield":31,"minecraft:torch":78,"farmersdelight:flint_knife":1,"minecraft:spruce_fence":1,"minecraft:stripped_spruce_log":1,"minecraft:dark_oak_planks":23,"minecraft:wooden_axe":59,"minecraft:bricks":1,"minecraft:waxed_cut_copper":4,"minecraft:packed_mud":11,"minecraft:dark_oak_wood":2,"minecraft:mud_bricks":34,"farmersdelight:cutting_board":1,"minecraft:waxed_cut_copper_slab":2,"minecraft:furnace":5,"tombstone:gift":1,"cardiac:life_bottle":1,"minecraft:oak_planks":11,"minecraft:mud_brick_slab":14,"minecraft:waxed_oxidized_cut_copper":3,"minecraft:diamond_axe":54,"minecraft:green_bed":4,"farmersdelight:pumpkin_slice":15,"minecraft:white_wool":1,"minecraft:glow_berries":21,"minecraft:oak_slab":1,"minecraft:crafting_table":5,"minecraft:diamond_pickaxe":106,"minecraft:iron_pickaxe":85,"minecraft:gravel":9,"minecraft:stone_axe":161,"minecraft:diamond_sword":283,"farmersdelight:cooked_bacon":16},"minecraft:dropped":{"minecraft:mangrove_propagule":6,"minecraft:mangrove_planks":1,"tombstone:grave_dust":1,"minecraft:smooth_basalt":4,"minecraft:rotten_flesh":2,"minecraft:blue_orchid":1}},"DataVersion":3465}