{"stats":{"minecraft:custom":{"minecraft:open_barrel":2,"minecraft:time_since_rest":9518,"enigmaticlegacy:play_time_with_seven_curses":0,"minecraft:sprint_one_cm":4229,"minecraft:play_time":9518,"minecraft:walk_one_cm":15527,"minecraft:sneak_time":19,"minecraft:walk_under_water_one_cm":2077,"minecraft:jump":64,"minecraft:leave_game":1,"minecraft:walk_on_water_one_cm":3479,"minecraft:time_since_death":9518,"enigmaticlegacy:play_time_without_seven_curses":9518,"minecraft:total_world_time":9518,"minecraft:swim_one_cm":819,"minecraft:interact_with_crafting_table":2,"minecraft:fall_one_cm":478,"minecraft:fly_one_cm":6955},"minecraft:crafted":{"minecraft:mangrove_planks":4,"minecraft:wooden_axe":1},"minecraft:used":{"minecraft:wooden_axe":2,"minecraft:glow_berries":1,"minecraft:iron_pickaxe":72,"minecraft:spruce_fence":1},"minecraft:mined":{"minecraft:spruce_fence":1,"minecraft:blackstone":72,"minecraft:mangrove_log":44,"minecraft:mangrove_roots":90,"minecraft:crafting_table":1},"minecraft:picked_up":{"minecraft:crafting_table":1,"minecraft:stick":12,"minecraft:blackstone":72,"minecraft:spruce_fence":1,"minecraft:mangrove_roots":90,"minecraft:glow_berries":2,"minecraft:mangrove_log":44,"minecraft:mangrove_propagule":6,"minecraft:moss_carpet":22}},"DataVersion":3465}