{"stats":{"minecraft:dropped":{"minecraft:cooked_beef":18,"minecraft:ender_pearl":1,"gobber2:gobber2_goo":3,"gobber2:gobber2_gooey_bread":1,"minecraft:gravel":331,"rustic_engineer:raw_solarite_ore":1,"minecraft:cobbled_deepslate":5877,"minecraft:pink_dye":1,"minecraft:rotten_flesh":1,"farlanders:ender_horn":1,"gobber2:gobber2_gooey_beefstew":2,"minecraft:carrot":19,"patchouli:guide_book":1,"minecraft:crying_obsidian":12,"enigmaticlegacy:enigmatic_amulet":1,"minecraft:iron_ingot":22,"minecraft:stripped_spruce_log":83,"minecraft:wheat_seeds":13,"minecraft:cobblestone":235,"minecraft:red_dye":1,"minecraft:tuff":702,"gobber2:gobber2_gooey_beef":2,"farmersdelight:fried_egg":1,"minecraft:light_gray_dye":1,"minecraft:spruce_log":2,"minecraft:magenta_dye":2},"minecraft:crafted":{"minecraft:brick":26,"minecraft:oak_planks":36,"dustrial_decor:cardboard_boots":1,"bhc:heart_amulet":1,"mekanism:ingot_osmium":56,"minecraft:melon_slice":90,"farmersdelight:canvas":35,"hangglider:hang_glider":1,"minecraft:diamond_shovel":1,"minecraft:pink_carpet":1,"farmersdelight:rope":640,"farmersdelight:safety_net":10,"minecraft:bamboo_block":4,"minecraft:glass":252,"minecraft:hopper":10,"bhc:red_heart_patch":1,"minecraft:iron_boots":3,"sophisticatedbackpacks:copper_backpack":1,"minecraft:melon_seeds":9,"justhammers:diamond_hammer":1,"minecraft:chest":23,"minecraft:copper_block":5,"minecraft:bricks":4,"minecraft:stone_hoe":1,"minecraft:magenta_dye":3,"minecraft:smoker":2,"farmersdelight:stove":1,"minecraft:golden_axe":3,"minecraft:glass_bottle":249,"farmersdelight:tomato_seeds":19,"mekanism:ingot_tin":104,"minecraft:wooden_shovel":4,"sophisticatedbackpacks:backpack":1,"gobber2:gobber2_ingot":12,"minecraft:diamond_axe":3,"minecraft:crafting_table":4,"minecraft:spruce_planks":936,"minecraft:iron_helmet":1,"minecraft:baked_potato":175,"gobber2:gobber2_hammer":1,"minecraft:wooden_pickaxe":1,"farmersdelight:egg_sandwich":82,"minecraft:spruce_door":3,"gobber2:gobber2_rod":2,"dustrial_decor:cardboard":12,"minecraft:copper_ingot":80,"minecraft:campfire":1,"rustic_engineer:solarite_block":1,"mekanism:ingot_lead":39,"farmersdelight:beef_patty":170,"farmersdelight:cutting_board":1,"farmersdelight:fried_egg":491,"minecraft:bamboo_planks":8,"thermal:nickel_ingot":2,"minecraft:iron_chestplate":2,"minecraft:wooden_hoe":1,"minecraft:paper":25,"minecraft:charcoal":1084,"minecraft:diamond_pickaxe":1,"minecraft:shield":1,"farmersdelight:barbecue_stick":74,"sophisticatedbackpacks:diamond_backpack":1,"minecraft:stick":533,"minecraft:leather_chestplate":1,"minecraft:iron_ingot":194,"minecraft:iron_pickaxe":4,"minecraft:iron_block":1,"minecraft:stone_sword":1,"minecraft:gold_ingot":37,"farmersdelight:cooked_bacon":162,"minecraft:light_gray_dye":2,"farmersdelight:stuffed_potato":164,"rustic_engineer:solarite_ingot":17,"minecraft:light_gray_carpet":1,"minecraft:composter":1,"minecraft:deepslate_bricks":448,"thermal:tin_ingot":25,"minecraft:green_carpet":1,"minecraft:shears":1,"minecraft:polished_andesite":112,"farmersdelight:milk_bottle":248,"minecraft:coal":72,"minecraft:wooden_sword":1,"minecraft:stone_shovel":1,"minecraft:furnace":4,"minecraft:bone_meal":129,"minecraft:spruce_fence":192,"minecraft:pink_dye":2,"minecraft:white_carpet":12,"rustic_engineer:gear":4,"gobber2:gobber2_glob":4,"bhc:red_heart_melted":2,"minecraft:polished_deepslate":448,"thermal:silver_ingot":14,"minecraft:iron_axe":6,"minecraft:spruce_wood":9,"minecraft:spruce_slab":12,"minecraft:iron_hoe":1,"farmersdelight:cooked_chicken_cuts":12,"minecraft:stone_pickaxe":4,"minecraft:lead":19,"delightful:nut_butter_and_jelly_sandwich":56,"minecraft:wheat":225,"sophisticatedbackpacks:iron_backpack":2,"minecraft:cooked_beef":3,"minecraft:sugar":585,"minecraft:red_dye":2,"farmersdelight:cooked_mutton_chops":22,"minecraft:iron_sword":1,"gobber2:gobber2_ring":1,"minecraft:red_bed":1,"farmersdelight:cooking_pot":1,"minecraft:leather_helmet":1,"sophisticatedbackpacks:gold_backpack":3,"minecraft:bucket":1,"minecraft:stone_axe":5,"minecraft:bread":157,"minecraft:air":0,"delightful:nut_butter_bottle":56,"minecraft:blue_dye":1,"thermal:lead_ingot":16,"gobber2:gobber2_ring_attraction":1,"minecraft:wooden_axe":4,"minecraft:white_bed":1,"dustrial_decor:cardboard_chestplate":1,"farmersdelight:diamond_knife":2,"minecraft:torch":1616,"minecraft:magenta_carpet":1},"minecraft:mined":{"thermal:deepslate_tin_ore":4,"minecraft:spruce_planks":19,"minecraft:oak_sapling":1,"minecraft:white_bed":5,"minecraft:prismarine_wall":1,"farmersdelight:rich_soil":4,"minecraft:farmland":2,"thermal:cinnabar_ore":7,"thermal:sulfur_ore":17,"thermal:tin_ore":21,"minecraft:brewing_stand":2,"minecraft:obsidian":914,"minecraft:grass_block":855,"gobber2:gobber2_ore_deepslate":3,"gobber2:gobber2_lucky_block":14,"minecraft:coal_block":8,"minecraft:deepslate_bricks":12,"minecraft:oxeye_daisy":13,"minecraft:composter":1,"minecraft:hopper":1,"minecraft:nether_wart":9,"minecraft:spawner":1,"minecraft:glowstone":4,"farmersdelight:wild_rice":1,"minecraft:iron_ore":114,"minecraft:cobbled_deepslate":50,"minecraft:fire":26,"minecraft:pumpkin":17,"minecraft:deepslate_lapis_ore":25,"minecraft:light_gray_concrete":13,"minecraft:spruce_wood":12,"minecraft:spruce_slab":2,"minecraft:deepslate_redstone_ore":93,"mekanism:osmium_ore":38,"minecraft:red_bed":2,"farmersdelight:organic_compost":10,"minecraft:clay":118,"thermal:lead_ore":9,"mekanism:block_salt":47,"minecraft:chiseled_quartz_block":2,"minecraft:torch":11,"minecraft:poppy":3,"minecraft:melon":49,"minecraft:chest":1,"mekanism:tin_ore":74,"minecraft:cobblestone":44,"thermal:deepslate_lead_ore":27,"minecraft:sugar_cane":473,"minecraft:grindstone":1,"minecraft:iron_door":2,"minecraft:wall_torch":7,"minecraft:wheat":92,"minecraft:lilac":2,"minecraft:smooth_stone_slab":2,"minecraft:stone_brick_stairs":3,"mekanism:deepslate_tin_ore":30,"thermal:niter_ore":3,"minecraft:grass":3159,"minecraft:oak_log":24,"mekanism:lead_ore":34,"delightful:mini_melon":37,"minecraft:dirt":75,"minecraft:sand":806,"minecraft:smooth_quartz":17,"thermal:nickel_ore":2,"rustic_engineer:solarite_block":1,"minecraft:oak_leaves":1084,"minecraft:deepslate":596,"minecraft:crying_obsidian":18,"vampirism:dark_stone_bricks":2,"minecraft:diamond_ore":2,"minecraft:tuff":127,"minecraft:mossy_cobblestone":1,"minecraft:deepslate_diamond_ore":44,"farmersdelight:wild_carrots":33,"minecraft:cherry_sapling":5,"mekanism:deepslate_osmium_ore":24,"minecraft:glow_lichen":2,"minecraft:allium":19,"minecraft:spruce_fence":21,"minecraft:redstone_wire":1,"thermal:deepslate_nickel_ore":20,"minecraft:spruce_leaves":20,"minecraft:potted_bamboo":1,"minecraft:large_fern":23,"minecraft:hay_block":111,"farmersdelight:wild_onions":4,"minecraft:spruce_sapling":73,"minecraft:furnace":1,"minecraft:carrots":29,"rustic_engineer:solarite_ore_deep_slate":14,"minecraft:andesite":34,"minecraft:stripped_spruce_log":2,"minecraft:peony":1,"minecraft:bookshelf":24,"farmersdelight:rope":27,"minecraft:deepslate_iron_ore":57,"minecraft:vine":1,"minecraft:bamboo_sapling":4,"minecraft:bamboo":41,"ae2:sky_stone_block":2,"minecraft:white_tulip":22,"minecraft:stone":611,"minecraft:podzol":31,"minecraft:smithing_table":1,"mekanism:deepslate_lead_ore":34,"minecraft:gray_concrete":1,"minecraft:soul_sand":26,"minecraft:dandelion":29,"minecraft:crafting_table":2,"minecraft:cornflower":2,"minecraft:campfire":4,"minecraft:copper_ore":31,"minecraft:stone_slab":14,"minecraft:tall_grass":625,"minecraft:lapis_ore":7,"minecraft:deepslate_gold_ore":29,"vampirism:cracked_dark_stone_bricks":1,"minecraft:spruce_stairs":2,"minecraft:ice":39,"minecraft:white_carpet":1,"minecraft:spruce_log":263,"minecraft:birch_leaves":49,"thermal:deepslate_silver_ore":19,"gobber2:gobber2_lucky_block_deepslate":5,"thermal:silver_ore":2,"minecraft:coal_ore":384,"minecraft:gravel":418,"minecraft:cobweb":3,"mekanism:deepslate_uranium_ore":14,"minecraft:terracotta":516,"minecraft:polished_andesite":13,"minecraft:gold_ore":6,"thermal:deepslate_sulfur_ore":12,"minecraft:fern":101},"minecraft:used":{"minecraft:peony":1,"minecraft:cherry_sapling":67,"minecraft:spruce_slab":1,"farmersdelight:cabbage_seeds":26,"minecraft:chest":13,"minecraft:shield":59,"farmersdelight:stove":1,"minecraft:stone":9,"minecraft:iron_sword":234,"minecraft:soul_sand":1,"minecraft:carrot":127,"minecraft:allium":1,"minecraft:tuff":115,"minecraft:milk_bucket":2,"minecraft:lava_bucket":2,"minecraft:lantern":1,"minecraft:spruce_wood":21,"gobber2:gobber2_hammer":2601,"minecraft:item_frame":6,"farmersdelight:cutting_board":2,"minecraft:bow":3,"minecraft:hay_block":1,"minecraft:oak_sapling":21,"minecraft:furnace":3,"farmersdelight:safety_net":9,"minecraft:egg":433,"minecraft:potato":28,"minecraft:diamond_boots":1,"minecraft:spruce_door":1,"minecraft:stone_pickaxe":524,"minecraft:sugar_cane":195,"minecraft:wooden_pickaxe":59,"minecraft:diamond_axe":241,"minecraft:composter":2,"minecraft:white_wool":1,"minecraft:sand":14,"minecraft:gray_concrete":1,"waystones:waystone":3,"farmersdelight:cooked_chicken_cuts":12,"minecraft:light_gray_concrete":10,"minecraft:gravel":6,"minecraft:wooden_sword":40,"minecraft:andesite":8,"minecraft:smooth_stone_slab":1,"minecraft:bone_meal":161,"minecraft:stone_sword":131,"mekanism:cardboard_box":3,"farmersdelight:diamond_knife":1657,"minecraft:armor_stand":3,"minecraft:stone_shovel":115,"minecraft:spruce_planks":11,"minecraft:wooden_shovel":57,"minecraft:stone_hoe":208,"minecraft:torch":762,"minecraft:dirt":958,"farmersdelight:flint_knife":1888,"minecraft:white_carpet":6,"minecraft:hopper":11,"minecraft:spruce_stairs":1,"minecraft:spruce_fence":119,"farmersdelight:rope":435,"minecraft:iron_hoe":92,"minecraft:wooden_axe":67,"rustic_engineer:solarite_block":1,"minecraft:iron_axe":113,"minecraft:smooth_quartz":5,"minecraft:melon_seeds":9,"minecraft:bamboo":316,"farmersdelight:cooking_pot":1,"farmersdelight:cooked_mutton_chops":28,"minecraft:cooked_beef":3,"farmersdelight:tomato_seeds":27,"minecraft:cobbled_deepslate":165,"minecraft:wheat_seeds":110,"farmersdelight:iron_knife":1821,"minecraft:water_bucket":86,"farlanders:looter_hood":1,"minecraft:polished_andesite":77,"farmersdelight:barbecue_stick":63,"minecraft:deepslate_bricks":213,"farmersdelight:onion":27,"minecraft:red_bed":3,"justhammers:diamond_hammer":423,"minecraft:crafting_table":6,"minecraft:white_bed":1,"minecraft:spruce_log":1973,"minecraft:smoker":2,"minecraft:flower_pot":1,"minecraft:diamond_pickaxe":1275,"minecraft:apple":2,"minecraft:diamond_shovel":1626,"minecraft:iron_pickaxe":910,"minecraft:stone_slab":7,"minecraft:spruce_sapling":352,"minecraft:stone_axe":390,"farmersdelight:cooked_bacon":90,"minecraft:cobblestone":436,"farmersdelight:egg_sandwich":21,"minecraft:bucket":86},"minecraft:custom":{"enigmaticlegacy:play_time_with_seven_curses":0,"minecraft:animals_bred":201,"minecraft:interact_with_crafting_table":148,"minecraft:open_barrel":10,"minecraft:bell_ring":1,"minecraft:eat_cake_slice":1,"minecraft:leave_game":19,"minecraft:time_since_death":56267,"minecraft:sprint_one_cm":1561308,"minecraft:damage_blocked_by_shield":2926,"minecraft:drop":59,"minecraft:talked_to_villager":12,"minecraft:play_time":1354660,"minecraft:deaths":28,"minecraft:jump":9890,"minecraft:walk_on_water_one_cm":45158,"minecraft:interact_with_furnace":133,"minecraft:sleep_in_bed":54,"minecraft:waystone_activated":5,"tombstone:sneak_grave":5,"minecraft:damage_dealt":38899,"minecraft:crouch_one_cm":114976,"tombstone:undead_killed":46,"minecraft:interact_with_smoker":62,"minecraft:horse_one_cm":27207,"minecraft:mob_kills":254,"minecraft:inspect_hopper":8,"tombstone:use_vanishing":1,"minecraft:damage_dealt_resisted":511,"minecraft:climb_one_cm":204223,"minecraft:walk_one_cm":1945602,"minecraft:sneak_time":48280,"minecraft:walk_under_water_one_cm":18954,"minecraft:interact_with_blast_furnace":1,"minecraft:total_world_time":1354660,"enigmaticlegacy:play_time_without_seven_curses":1339389,"minecraft:pot_flower":1,"minecraft:time_since_rest":29763,"minecraft:damage_taken":22661,"minecraft:swim_one_cm":8909,"minecraft:fly_one_cm":2021480,"minecraft:open_chest":517,"minecraft:fall_one_cm":248948},"minecraft:killed":{"vampirism:vampire":7,"minecraft:cave_spider":1,"vampirism:advanced_vampire":1,"minecraft:spider":16,"farlanders:fanmade_enderman":1,"minecraft:skeleton":25,"minecraft:chicken":11,"majruszsdifficulty:creeperling":1,"thermal:blitz":1,"minecraft:pig":57,"farlanders:rebel":3,"minecraft:creeper":11,"minecraft:sheep":10,"minecraft:zombie":20,"minecraft:stray":1,"minecraft:cow":72,"farlanders:looter":3,"farlanders:ender_golem":1},"minecraft:killed_by":{"minecraft:creeper":9,"farlanders:rebel":2,"minecraft:zombie":4,"minecraft:cow":1,"vampirism:vampire":1,"minecraft:spider":1,"farlanders:titan":1,"minecraft:skeleton":3},"minecraft:broken":{"minecraft:wooden_shovel":1,"minecraft:iron_chestplate":1,"minecraft:iron_leggings":1,"minecraft:stone_pickaxe":4,"minecraft:diamond_shovel":1,"farmersdelight:flint_knife":1,"farmersdelight:diamond_knife":1,"minecraft:stone_axe":2,"farlanders:rebel_farlander_helmet":1,"minecraft:wooden_axe":1,"minecraft:stone_shovel":1,"minecraft:stone_sword":1,"minecraft:wooden_pickaxe":1,"minecraft:diamond_axe":2,"minecraft:iron_axe":3,"minecraft:iron_pickaxe":3,"minecraft:iron_helmet":2},"minecraft:picked_up":{"biomancy:mob_gland":1,"minecraft:wheat":939,"minecraft:flower_pot":1,"mekanism:raw_uranium":51,"minecraft:smithing_table":1,"minecraft:stone_slab":14,"minecraft:lead":31,"minecraft:enchanted_book":1,"minecraft:stone_brick_stairs":1,"minecraft:brewing_stand":2,"farmersdelight:cutting_board":1,"minecraft:string":34,"minecraft:raw_copper":181,"minecraft:smooth_stone_slab":2,"minecraft:armor_stand":3,"thermal:sulfur":111,"minecraft:red_dye":2,"minecraft:cobbled_deepslate":12305,"farmersdelight:cabbage":166,"minecraft:spruce_planks":19,"delightful:acorn":56,"minecraft:white_tulip":22,"minecraft:smooth_quartz":16,"delightful:green_tea_leaf":113,"minecraft:melon_slice":243,"minecraft:coal_block":8,"farmersdelight:cabbage_seeds":312,"minecraft:furnace":1,"minecraft:tipped_arrow":1,"farlanders:rebel_farlander_helmet":1,"minecraft:stick":279,"farmersdelight:rotten_tomato":9,"minecraft:composter":1,"thermal:raw_lead":55,"minecraft:torch":74,"minecraft:spruce_stairs":2,"minecraft:porkchop":127,"minecraft:cherry_log":88,"tombstone:grave_dust":9,"vampirism:vampire_fang":4,"farmersdelight:chicken_cuts":12,"mekanism:raw_tin":104,"ae2:sky_stone_block":2,"gobber2:gobber2_foo":1,"minecraft:stone_sword":1,"minecraft:rotten_flesh":43,"farmersdelight:onion":298,"farmersdelight:tree_bark":1338,"farmersdelight:rope":27,"minecraft:obsidian":1466,"minecraft:cobblestone":973,"minecraft:leather_chestplate":3,"minecraft:birch_log":9,"minecraft:cooked_beef":14,"minecraft:feather":14,"minecraft:lilac":2,"farmersdelight:rice":1,"minecraft:iron_door":2,"delightful:animal_fat":141,"minecraft:andesite":131,"minecraft:chiseled_quartz_block":2,"minecraft:potato":255,"farmersdelight:bacon":162,"minecraft:flint":42,"minecraft:map":1,"minecraft:tuff":1520,"minecraft:lapis_lazuli":236,"farmersdelight:tomato":337,"minecraft:dirt":1076,"minecraft:lantern":1,"farmersdelight:mutton_chops":28,"minecraft:leather_boots":1,"bhc:red_heart":6,"minecraft:bone":52,"minecraft:bow":1,"delightful:mini_melon":37,"gobber2:gobber2_gooey_beef":5,"minecraft:wheat_seeds":2281,"minecraft:raw_gold":39,"minecraft:grindstone":1,"gobber2:gobber2_globette":53,"minecraft:glowstone_dust":11,"minecraft:bamboo":475,"gobber2:gobber2_gooey_bread":4,"thermal:raw_tin":25,"patchouli:guide_book":1,"minecraft:poisonous_potato":2,"minecraft:sand":796,"farlanders:titan_hide":5,"minecraft:stripped_spruce_log":1340,"farmersdelight:cake_slice":7,"minecraft:lily_of_the_valley":1,"farmersdelight:ham":29,"farmersdelight:cooked_mutton_chops":6,"minecraft:mossy_cobblestone":1,"minecraft:bundle":2,"minecraft:light_gray_concrete":10,"minecraft:polished_andesite":13,"minecraft:diamond":54,"waystones:waystone":4,"minecraft:bone_meal":6,"minecraft:oak_sapling":79,"gobber2:gobber2_goo":7,"minecraft:golden_pickaxe":1,"minecraft:charcoal":12,"minecraft:crafting_table":2,"minecraft:allium":26,"minecraft:azure_bluet":2,"minecraft:ladder":2,"minecraft:chicken":20,"minecraft:nether_wart":74,"minecraft:clay_ball":472,"thermal:raw_silver":33,"minecraft:leather_leggings":3,"thermal:cinnabar":11,"minecraft:cornflower":2,"minecraft:red_bed":2,"minecraft:item_frame":6,"thermal:raw_nickel":22,"farlanders:ender_horn":3,"minecraft:white_carpet":1,"minecraft:beef":148,"farmersdelight:straw":591,"thermal:niter":13,"minecraft:poppy":9,"minecraft:spruce_slab":1,"minecraft:sugar_cane":780,"minecraft:chest":1,"minecraft:birch_sapling":9,"minecraft:egg":93,"minecraft:raw_iron":183,"farmersdelight:minced_beef":170,"minecraft:spruce_fence":22,"farmersdelight:tomato_seeds":226,"minecraft:carrot":722,"minecraft:redstone":581,"minecraft:arrow":30,"minecraft:peony":4,"minecraft:diamond_boots":3,"minecraft:deepslate_bricks":12,"minecraft:hay_block":113,"minecraft:glistering_melon_slice":12,"mekanism:cardboard_box":4,"minecraft:glow_berries":6,"minecraft:mutton":16,"minecraft:white_wool":18,"minecraft:oxeye_daisy":13,"farmersdelight:rich_soil":4,"vampirism:vampire_blood_bottle":1,"mekanism:raw_lead":77,"gobber2:gobber2_gooey_beefstew":2,"minecraft:leather":145,"minecraft:oak_log":29,"farlanders:looter_hood":2,"minecraft:gunpowder":14,"farmersdelight:organic_compost":10,"mekanism:salt":188,"biomancy:mob_sinew":2,"minecraft:apple":6,"rustic_engineer:solarite_block":1,"minecraft:spruce_wood":12,"vampirism:cracked_dark_stone_bricks":1,"minecraft:iron_ingot":11,"minecraft:stone_pickaxe":1,"minecraft:iron_sword":4,"minecraft:soul_sand":26,"minecraft:green_dye":2,"minecraft:book":73,"rustic_engineer:raw_solarite_ore":18,"thermal:blitz_rod":1,"minecraft:pumpkin":17,"minecraft:dandelion":23,"minecraft:gravel":712,"enigmaticlegacy:enigmatic_amulet":1,"minecraft:spruce_sapling":422,"minecraft:white_bed":5,"minecraft:spruce_log":4158,"minecraft:crying_obsidian":35,"mekanism:raw_osmium":65,"minecraft:spider_eye":11,"minecraft:leather_helmet":4,"minecraft:prismarine_wall":1,"vampirism:dark_stone_bricks":1,"mekanism:fluorite_gem":35,"minecraft:cherry_sapling":67,"minecraft:terracotta":516,"minecraft:black_wool":1,"minecraft:coal":448,"minecraft:hopper":1,"minecraft:ender_pearl":2}},"DataVersion":3465}