{"stats":{"minecraft:dropped":{"minecraft:cooked_beef":18,"minecraft:pink_dye":1,"minecraft:rotten_flesh":1,"minecraft:carrot":19,"patchouli:guide_book":1,"enigmaticlegacy:enigmatic_amulet":1,"minecraft:stripped_spruce_log":83,"minecraft:wheat_seeds":12,"farmersdelight:fried_egg":1,"minecraft:light_gray_dye":1,"minecraft:spruce_log":2,"minecraft:magenta_dye":2},"minecraft:mined":{"thermal:deepslate_tin_ore":4,"minecraft:oak_sapling":1,"minecraft:spruce_planks":8,"minecraft:prismarine_wall":1,"minecraft:white_bed":5,"minecraft:farmland":2,"thermal:cinnabar_ore":7,"thermal:sulfur_ore":17,"thermal:tin_ore":21,"minecraft:brewing_stand":2,"minecraft:obsidian":30,"minecraft:grass_block":849,"gobber2:gobber2_ore_deepslate":3,"gobber2:gobber2_lucky_block":6,"minecraft:composter":1,"minecraft:hopper":1,"minecraft:oxeye_daisy":13,"minecraft:nether_wart":4,"minecraft:spawner":1,"farmersdelight:wild_rice":1,"minecraft:iron_ore":102,"minecraft:cobbled_deepslate":1,"minecraft:fire":22,"minecraft:pumpkin":17,"minecraft:deepslate_lapis_ore":21,"minecraft:light_gray_concrete":13,"minecraft:spruce_slab":2,"minecraft:deepslate_redstone_ore":88,"mekanism:osmium_ore":38,"minecraft:red_bed":2,"minecraft:clay":118,"thermal:lead_ore":9,"mekanism:block_salt":47,"minecraft:chiseled_quartz_block":2,"minecraft:torch":10,"minecraft:poppy":3,"minecraft:melon":17,"minecraft:chest":1,"mekanism:tin_ore":74,"minecraft:cobblestone":44,"thermal:deepslate_lead_ore":27,"minecraft:grindstone":1,"minecraft:sugar_cane":257,"minecraft:iron_door":2,"minecraft:wall_torch":5,"minecraft:wheat":82,"minecraft:lilac":2,"minecraft:stone_brick_stairs":3,"minecraft:smooth_stone_slab":2,"minecraft:grass":3033,"thermal:niter_ore":3,"mekanism:deepslate_tin_ore":30,"minecraft:oak_log":15,"delightful:mini_melon":30,"mekanism:lead_ore":34,"minecraft:dirt":42,"minecraft:sand":806,"minecraft:smooth_quartz":17,"thermal:nickel_ore":2,"rustic_engineer:solarite_block":1,"minecraft:oak_leaves":1,"minecraft:deepslate":497,"minecraft:diamond_ore":2,"minecraft:tuff":127,"minecraft:deepslate_diamond_ore":33,"farmersdelight:wild_carrots":33,"mekanism:deepslate_osmium_ore":24,"minecraft:glow_lichen":2,"minecraft:allium":19,"minecraft:spruce_fence":16,"minecraft:redstone_wire":1,"thermal:deepslate_nickel_ore":20,"minecraft:spruce_leaves":20,"minecraft:potted_bamboo":1,"minecraft:large_fern":23,"minecraft:hay_block":26,"farmersdelight:wild_onions":4,"minecraft:spruce_sapling":73,"minecraft:furnace":1,"minecraft:carrots":29,"rustic_engineer:solarite_ore_deep_slate":13,"minecraft:andesite":8,"minecraft:stripped_spruce_log":2,"minecraft:peony":1,"farmersdelight:rope":26,"minecraft:deepslate_iron_ore":51,"minecraft:vine":1,"minecraft:bamboo_sapling":4,"minecraft:bamboo":34,"minecraft:stone":568,"minecraft:white_tulip":22,"minecraft:smithing_table":1,"minecraft:podzol":30,"mekanism:deepslate_lead_ore":24,"minecraft:gray_concrete":1,"minecraft:soul_sand":5,"minecraft:dandelion":29,"minecraft:crafting_table":2,"minecraft:cornflower":2,"minecraft:stone_slab":13,"minecraft:copper_ore":23,"minecraft:tall_grass":616,"minecraft:lapis_ore":7,"minecraft:deepslate_gold_ore":29,"minecraft:ice":5,"minecraft:white_carpet":1,"minecraft:spruce_log":201,"thermal:deepslate_silver_ore":19,"gobber2:gobber2_lucky_block_deepslate":5,"minecraft:coal_ore":344,"minecraft:gravel":418,"minecraft:cobweb":2,"mekanism:deepslate_uranium_ore":8,"minecraft:gold_ore":6,"thermal:deepslate_sulfur_ore":12,"minecraft:fern":100},"minecraft:crafted":{"minecraft:brick":26,"minecraft:oak_planks":36,"dustrial_decor:cardboard_boots":1,"bhc:heart_amulet":1,"mekanism:ingot_osmium":56,"minecraft:melon_slice":90,"farmersdelight:canvas":35,"hangglider:hang_glider":1,"minecraft:diamond_shovel":1,"minecraft:pink_carpet":1,"farmersdelight:rope":640,"farmersdelight:safety_net":10,"minecraft:glass":252,"minecraft:hopper":10,"bhc:red_heart_patch":1,"minecraft:iron_boots":3,"sophisticatedbackpacks:copper_backpack":1,"minecraft:melon_seeds":9,"justhammers:diamond_hammer":1,"minecraft:chest":22,"minecraft:copper_block":5,"minecraft:bricks":4,"minecraft:stone_hoe":1,"minecraft:magenta_dye":3,"minecraft:smoker":2,"farmersdelight:stove":1,"minecraft:golden_axe":2,"minecraft:glass_bottle":249,"farmersdelight:tomato_seeds":19,"mekanism:ingot_tin":104,"minecraft:wooden_shovel":3,"sophisticatedbackpacks:backpack":1,"gobber2:gobber2_ingot":12,"minecraft:diamond_axe":2,"minecraft:crafting_table":3,"minecraft:spruce_planks":936,"minecraft:iron_helmet":1,"minecraft:baked_potato":55,"gobber2:gobber2_hammer":1,"minecraft:wooden_pickaxe":1,"farmersdelight:egg_sandwich":82,"minecraft:spruce_door":3,"gobber2:gobber2_rod":2,"dustrial_decor:cardboard":12,"minecraft:copper_ingot":80,"minecraft:campfire":1,"rustic_engineer:solarite_block":1,"mekanism:ingot_lead":39,"farmersdelight:beef_patty":48,"farmersdelight:cutting_board":1,"farmersdelight:fried_egg":235,"thermal:nickel_ingot":2,"minecraft:charcoal":1084,"minecraft:iron_chestplate":2,"minecraft:wooden_hoe":1,"minecraft:paper":25,"minecraft:diamond_pickaxe":1,"minecraft:shield":1,"farmersdelight:barbecue_stick":74,"minecraft:stick":533,"minecraft:leather_chestplate":1,"minecraft:iron_ingot":194,"minecraft:iron_pickaxe":4,"minecraft:iron_block":1,"minecraft:stone_sword":1,"minecraft:gold_ingot":37,"farmersdelight:cooked_bacon":162,"farmersdelight:stuffed_potato":42,"minecraft:light_gray_dye":2,"rustic_engineer:solarite_ingot":17,"minecraft:light_gray_carpet":1,"minecraft:composter":1,"thermal:tin_ingot":25,"minecraft:shears":1,"minecraft:green_carpet":1,"farmersdelight:milk_bottle":248,"minecraft:wooden_sword":1,"minecraft:stone_shovel":1,"minecraft:furnace":4,"minecraft:bone_meal":129,"minecraft:spruce_fence":192,"minecraft:pink_dye":2,"minecraft:white_carpet":12,"rustic_engineer:gear":4,"gobber2:gobber2_glob":4,"bhc:red_heart_melted":2,"thermal:silver_ingot":14,"minecraft:iron_axe":5,"minecraft:spruce_slab":12,"minecraft:iron_hoe":1,"farmersdelight:cooked_chicken_cuts":12,"minecraft:stone_pickaxe":4,"minecraft:lead":19,"minecraft:wheat":225,"sophisticatedbackpacks:iron_backpack":2,"minecraft:cooked_beef":3,"minecraft:sugar":114,"minecraft:red_dye":2,"farmersdelight:cooked_mutton_chops":22,"minecraft:iron_sword":1,"gobber2:gobber2_ring":1,"minecraft:red_bed":1,"farmersdelight:cooking_pot":1,"sophisticatedbackpacks:gold_backpack":3,"minecraft:leather_helmet":1,"minecraft:bucket":1,"minecraft:stone_axe":4,"minecraft:bread":99,"minecraft:air":0,"minecraft:blue_dye":1,"thermal:lead_ingot":16,"gobber2:gobber2_ring_attraction":1,"minecraft:wooden_axe":3,"minecraft:white_bed":1,"dustrial_decor:cardboard_chestplate":1,"farmersdelight:diamond_knife":1,"minecraft:torch":1616,"minecraft:magenta_carpet":1},"minecraft:used":{"minecraft:peony":1,"minecraft:spruce_slab":1,"farmersdelight:cabbage_seeds":26,"minecraft:chest":12,"minecraft:shield":57,"farmersdelight:stove":1,"minecraft:stone":9,"minecraft:iron_sword":221,"minecraft:soul_sand":1,"minecraft:carrot":127,"minecraft:allium":1,"minecraft:tuff":113,"minecraft:milk_bucket":2,"minecraft:lava_bucket":2,"minecraft:lantern":1,"gobber2:gobber2_hammer":1161,"farmersdelight:cutting_board":2,"minecraft:bow":3,"minecraft:hay_block":1,"minecraft:oak_sapling":9,"minecraft:furnace":3,"farmersdelight:safety_net":9,"minecraft:egg":47,"minecraft:potato":28,"minecraft:spruce_door":1,"minecraft:stone_pickaxe":524,"minecraft:sugar_cane":183,"minecraft:wooden_pickaxe":59,"minecraft:diamond_axe":88,"minecraft:composter":2,"minecraft:sand":14,"minecraft:gray_concrete":1,"waystones:waystone":3,"farmersdelight:cooked_chicken_cuts":12,"minecraft:light_gray_concrete":10,"minecraft:gravel":6,"minecraft:wooden_sword":40,"minecraft:smooth_stone_slab":1,"minecraft:bone_meal":161,"minecraft:stone_sword":131,"mekanism:cardboard_box":3,"minecraft:stone_shovel":115,"minecraft:spruce_planks":9,"minecraft:wooden_shovel":57,"minecraft:stone_hoe":208,"minecraft:torch":691,"minecraft:dirt":946,"farmersdelight:flint_knife":1888,"minecraft:white_carpet":6,"minecraft:hopper":11,"minecraft:spruce_fence":116,"farmersdelight:rope":395,"minecraft:iron_hoe":92,"minecraft:wooden_axe":67,"rustic_engineer:solarite_block":1,"minecraft:iron_axe":113,"minecraft:smooth_quartz":5,"minecraft:melon_seeds":9,"minecraft:bamboo":277,"farmersdelight:cooking_pot":1,"farmersdelight:cooked_mutton_chops":28,"minecraft:cooked_beef":3,"farmersdelight:tomato_seeds":27,"minecraft:cobbled_deepslate":32,"minecraft:wheat_seeds":110,"farmersdelight:iron_knife":1821,"minecraft:water_bucket":72,"farlanders:looter_hood":1,"farmersdelight:barbecue_stick":28,"farmersdelight:onion":27,"justhammers:diamond_hammer":423,"minecraft:crafting_table":5,"minecraft:red_bed":3,"minecraft:white_bed":1,"minecraft:spruce_log":13,"minecraft:smoker":2,"minecraft:flower_pot":1,"minecraft:diamond_pickaxe":496,"minecraft:apple":2,"minecraft:diamond_shovel":1626,"minecraft:iron_pickaxe":910,"minecraft:stone_slab":7,"minecraft:spruce_sapling":304,"minecraft:stone_axe":390,"farmersdelight:cooked_bacon":90,"minecraft:cobblestone":431,"farmersdelight:egg_sandwich":21,"minecraft:bucket":71},"minecraft:custom":{"enigmaticlegacy:play_time_with_seven_curses":0,"minecraft:animals_bred":178,"minecraft:interact_with_crafting_table":130,"minecraft:open_barrel":10,"minecraft:leave_game":17,"minecraft:time_since_death":223508,"minecraft:sprint_one_cm":1299410,"minecraft:damage_blocked_by_shield":2806,"minecraft:drop":16,"minecraft:talked_to_villager":10,"minecraft:play_time":1109187,"minecraft:deaths":23,"minecraft:jump":7820,"minecraft:walk_on_water_one_cm":20804,"minecraft:interact_with_furnace":131,"minecraft:sleep_in_bed":41,"minecraft:waystone_activated":5,"tombstone:sneak_grave":1,"minecraft:damage_dealt":24674,"minecraft:crouch_one_cm":37745,"tombstone:undead_killed":45,"minecraft:interact_with_smoker":42,"minecraft:horse_one_cm":27207,"minecraft:mob_kills":154,"minecraft:inspect_hopper":8,"tombstone:use_vanishing":1,"minecraft:damage_dealt_resisted":382,"minecraft:climb_one_cm":176980,"minecraft:walk_one_cm":1562888,"minecraft:sneak_time":23678,"minecraft:walk_under_water_one_cm":9421,"minecraft:total_world_time":1109187,"enigmaticlegacy:play_time_without_seven_curses":1094218,"minecraft:pot_flower":1,"minecraft:time_since_rest":14326,"minecraft:damage_taken":18568,"minecraft:swim_one_cm":8569,"minecraft:fly_one_cm":1553221,"minecraft:open_chest":414,"minecraft:fall_one_cm":200924},"minecraft:killed":{"vampirism:vampire":7,"minecraft:cave_spider":1,"vampirism:advanced_vampire":1,"minecraft:spider":13,"minecraft:skeleton":24,"minecraft:chicken":11,"majruszsdifficulty:creeperling":1,"minecraft:pig":29,"farlanders:rebel":3,"minecraft:creeper":11,"minecraft:sheep":9,"minecraft:zombie":20,"minecraft:stray":1,"minecraft:cow":12,"farlanders:looter":3},"minecraft:killed_by":{"minecraft:creeper":8,"farlanders:rebel":2,"minecraft:zombie":4,"minecraft:cow":1,"vampirism:vampire":1,"minecraft:spider":1,"minecraft:skeleton":3},"minecraft:broken":{"minecraft:wooden_shovel":1,"minecraft:iron_chestplate":1,"minecraft:stone_pickaxe":4,"minecraft:diamond_shovel":1,"farmersdelight:flint_knife":1,"minecraft:stone_axe":2,"farlanders:rebel_farlander_helmet":1,"minecraft:wooden_axe":1,"minecraft:stone_shovel":1,"minecraft:stone_sword":1,"minecraft:wooden_pickaxe":1,"minecraft:diamond_axe":1,"minecraft:iron_axe":3,"minecraft:iron_pickaxe":3,"minecraft:iron_helmet":1},"minecraft:picked_up":{"minecraft:wheat":410,"minecraft:flower_pot":1,"mekanism:raw_uranium":45,"minecraft:smithing_table":1,"minecraft:stone_slab":13,"minecraft:lead":31,"minecraft:stone_brick_stairs":1,"minecraft:brewing_stand":2,"farmersdelight:cutting_board":1,"minecraft:string":26,"minecraft:raw_copper":126,"minecraft:smooth_stone_slab":2,"thermal:sulfur":111,"minecraft:cobbled_deepslate":5572,"farmersdelight:cabbage":117,"minecraft:spruce_planks":7,"minecraft:white_tulip":22,"minecraft:smooth_quartz":16,"delightful:green_tea_leaf":19,"minecraft:melon_slice":80,"farmersdelight:cabbage_seeds":224,"minecraft:furnace":1,"minecraft:tipped_arrow":1,"farlanders:rebel_farlander_helmet":1,"minecraft:stick":123,"farmersdelight:rotten_tomato":9,"minecraft:composter":1,"thermal:raw_lead":51,"minecraft:torch":57,"minecraft:porkchop":81,"tombstone:grave_dust":9,"vampirism:vampire_fang":4,"farmersdelight:chicken_cuts":12,"mekanism:raw_tin":104,"gobber2:gobber2_foo":1,"minecraft:stone_sword":1,"minecraft:rotten_flesh":39,"farmersdelight:onion":216,"farmersdelight:tree_bark":1338,"farmersdelight:rope":26,"minecraft:obsidian":52,"minecraft:cobblestone":662,"minecraft:cooked_beef":14,"minecraft:feather":14,"minecraft:lilac":2,"farmersdelight:rice":1,"minecraft:iron_door":2,"delightful:animal_fat":41,"minecraft:andesite":8,"minecraft:chiseled_quartz_block":2,"minecraft:potato":155,"farmersdelight:bacon":162,"minecraft:flint":42,"minecraft:tuff":816,"minecraft:lapis_lazuli":207,"farmersdelight:tomato":249,"minecraft:dirt":1019,"farmersdelight:mutton_chops":28,"minecraft:leather_boots":1,"bhc:red_heart":6,"minecraft:bone":45,"minecraft:bow":1,"delightful:mini_melon":30,"gobber2:gobber2_gooey_beef":3,"minecraft:wheat_seeds":1286,"minecraft:raw_gold":39,"minecraft:grindstone":1,"gobber2:gobber2_globette":53,"minecraft:bamboo":353,"gobber2:gobber2_gooey_bread":3,"thermal:raw_tin":25,"patchouli:guide_book":1,"minecraft:poisonous_potato":2,"minecraft:sand":796,"minecraft:stripped_spruce_log":1340,"farmersdelight:ham":14,"farmersdelight:cooked_mutton_chops":6,"minecraft:bundle":2,"minecraft:light_gray_concrete":10,"minecraft:diamond":42,"waystones:waystone":3,"minecraft:bone_meal":6,"minecraft:oak_sapling":14,"gobber2:gobber2_goo":4,"minecraft:charcoal":4,"minecraft:crafting_table":2,"minecraft:allium":26,"minecraft:ladder":2,"minecraft:chicken":12,"minecraft:nether_wart":12,"minecraft:clay_ball":472,"thermal:raw_silver":31,"thermal:cinnabar":11,"minecraft:cornflower":2,"minecraft:red_bed":2,"thermal:raw_nickel":22,"minecraft:white_carpet":1,"minecraft:beef":24,"farmersdelight:straw":570,"thermal:niter":13,"minecraft:poppy":3,"minecraft:spruce_slab":1,"minecraft:sugar_cane":297,"minecraft:chest":1,"minecraft:egg":90,"minecraft:raw_iron":165,"farmersdelight:minced_beef":48,"minecraft:spruce_fence":19,"farmersdelight:tomato_seeds":173,"minecraft:carrot":648,"minecraft:redstone":559,"minecraft:arrow":24,"minecraft:peony":4,"minecraft:hay_block":26,"mekanism:cardboard_box":3,"minecraft:mutton":14,"minecraft:white_wool":15,"minecraft:oxeye_daisy":13,"vampirism:vampire_blood_bottle":1,"mekanism:raw_lead":67,"minecraft:leather":27,"minecraft:oak_log":20,"farlanders:looter_hood":2,"minecraft:gunpowder":14,"mekanism:salt":188,"minecraft:apple":3,"rustic_engineer:solarite_block":1,"minecraft:iron_sword":3,"minecraft:soul_sand":5,"minecraft:green_dye":2,"rustic_engineer:raw_solarite_ore":17,"minecraft:pumpkin":17,"minecraft:dandelion":23,"minecraft:gravel":381,"enigmaticlegacy:enigmatic_amulet":1,"minecraft:spruce_sapling":314,"minecraft:white_bed":5,"minecraft:spruce_log":1427,"mekanism:raw_osmium":65,"minecraft:spider_eye":8,"minecraft:prismarine_wall":1,"mekanism:fluorite_gem":18,"minecraft:black_wool":1,"minecraft:coal":366,"minecraft:hopper":1,"minecraft:ender_pearl":1}},"DataVersion":3465}