{"stats":{"minecraft:broken":{"minecraft:stone_pickaxe":4,"farmersdelight:flint_knife":1,"minecraft:stone_axe":2,"farlanders:rebel_farlander_helmet":1,"minecraft:wooden_axe":1,"minecraft:stone_shovel":1,"minecraft:stone_sword":1,"minecraft:wooden_pickaxe":1,"minecraft:iron_axe":2,"minecraft:iron_pickaxe":3,"minecraft:iron_helmet":1},"minecraft:killed_by":{"minecraft:creeper":6,"farlanders:rebel":2,"minecraft:zombie":4,"minecraft:cow":1,"vampirism:vampire":1,"minecraft:spider":1,"minecraft:skeleton":3},"minecraft:dropped":{"minecraft:cooked_beef":18,"minecraft:rotten_flesh":1,"minecraft:carrot":19,"enigmaticlegacy:enigmatic_amulet":1,"minecraft:stripped_spruce_log":83},"minecraft:crafted":{"minecraft:oak_planks":36,"dustrial_decor:cardboard_boots":1,"bhc:heart_amulet":1,"mekanism:ingot_osmium":7,"farmersdelight:canvas":35,"hangglider:hang_glider":1,"minecraft:diamond_shovel":1,"farmersdelight:rope":640,"farmersdelight:safety_net":10,"minecraft:glass":252,"minecraft:hopper":8,"bhc:red_heart_patch":1,"minecraft:iron_boots":3,"sophisticatedbackpacks:copper_backpack":1,"minecraft:chest":18,"minecraft:copper_block":5,"minecraft:stone_hoe":1,"minecraft:smoker":2,"mekanism:ingot_tin":104,"minecraft:wooden_shovel":1,"sophisticatedbackpacks:backpack":1,"minecraft:crafting_table":3,"minecraft:spruce_planks":928,"minecraft:wooden_pickaxe":1,"minecraft:iron_helmet":1,"farmersdelight:egg_sandwich":82,"minecraft:spruce_door":3,"dustrial_decor:cardboard":12,"minecraft:copper_ingot":80,"farmersdelight:beef_patty":6,"farmersdelight:cutting_board":1,"farmersdelight:fried_egg":234,"thermal:nickel_ingot":2,"minecraft:diamond_pickaxe":1,"minecraft:iron_chestplate":1,"minecraft:wooden_hoe":1,"minecraft:paper":25,"minecraft:charcoal":10,"minecraft:shield":1,"minecraft:stick":528,"minecraft:iron_ingot":173,"minecraft:iron_pickaxe":4,"farmersdelight:cooked_bacon":162,"minecraft:iron_block":1,"minecraft:stone_sword":1,"minecraft:gold_ingot":21,"minecraft:composter":1,"minecraft:wooden_sword":1,"minecraft:stone_shovel":1,"minecraft:furnace":4,"minecraft:bone_meal":54,"minecraft:spruce_fence":192,"minecraft:white_carpet":3,"bhc:red_heart_melted":2,"minecraft:iron_axe":3,"minecraft:iron_hoe":1,"minecraft:spruce_slab":12,"farmersdelight:cooked_chicken_cuts":12,"minecraft:stone_pickaxe":4,"minecraft:lead":19,"minecraft:wheat":162,"sophisticatedbackpacks:iron_backpack":2,"minecraft:cooked_beef":3,"minecraft:red_dye":2,"farmersdelight:cooked_mutton_chops":22,"minecraft:iron_sword":1,"minecraft:red_bed":1,"minecraft:leather_helmet":1,"sophisticatedbackpacks:gold_backpack":3,"minecraft:bucket":1,"minecraft:stone_axe":2,"minecraft:bread":99,"minecraft:air":0,"minecraft:blue_dye":1,"minecraft:wooden_axe":1,"minecraft:white_bed":1,"dustrial_decor:cardboard_chestplate":1,"minecraft:torch":524},"minecraft:killed":{"vampirism:vampire":7,"minecraft:cave_spider":1,"vampirism:advanced_vampire":1,"minecraft:spider":10,"minecraft:skeleton":20,"minecraft:chicken":6,"majruszsdifficulty:creeperling":1,"minecraft:pig":29,"farlanders:rebel":3,"minecraft:creeper":9,"minecraft:sheep":9,"minecraft:zombie":17,"minecraft:cow":12,"farlanders:looter":1},"minecraft:mined":{"thermal:deepslate_tin_ore":4,"minecraft:spruce_planks":8,"minecraft:prismarine_wall":1,"minecraft:white_bed":5,"thermal:cinnabar_ore":7,"thermal:sulfur_ore":17,"thermal:tin_ore":21,"minecraft:brewing_stand":1,"minecraft:grass_block":336,"gobber2:gobber2_lucky_block":6,"minecraft:nether_wart":4,"minecraft:oxeye_daisy":13,"minecraft:spawner":1,"farmersdelight:wild_rice":1,"minecraft:iron_ore":102,"minecraft:cobbled_deepslate":1,"minecraft:fire":13,"minecraft:pumpkin":10,"minecraft:deepslate_lapis_ore":4,"minecraft:light_gray_concrete":13,"minecraft:spruce_slab":2,"minecraft:deepslate_redstone_ore":37,"mekanism:osmium_ore":38,"minecraft:red_bed":2,"mekanism:block_salt":9,"thermal:lead_ore":9,"minecraft:chiseled_quartz_block":2,"minecraft:torch":4,"minecraft:poppy":3,"mekanism:tin_ore":74,"minecraft:cobblestone":44,"thermal:deepslate_lead_ore":7,"minecraft:grindstone":1,"minecraft:sugar_cane":6,"minecraft:iron_door":2,"minecraft:wall_torch":2,"minecraft:wheat":38,"minecraft:lilac":1,"minecraft:stone_brick_stairs":3,"minecraft:smooth_stone_slab":2,"minecraft:grass":2974,"thermal:niter_ore":3,"mekanism:deepslate_tin_ore":30,"minecraft:oak_log":9,"delightful:mini_melon":30,"mekanism:lead_ore":34,"minecraft:smooth_quartz":17,"minecraft:sand":806,"minecraft:dirt":14,"thermal:nickel_ore":2,"minecraft:deepslate":43,"minecraft:diamond_ore":2,"minecraft:tuff":6,"minecraft:deepslate_diamond_ore":14,"farmersdelight:wild_carrots":33,"mekanism:deepslate_osmium_ore":18,"minecraft:glow_lichen":1,"minecraft:allium":18,"minecraft:spruce_fence":16,"minecraft:redstone_wire":1,"thermal:deepslate_nickel_ore":20,"minecraft:spruce_leaves":6,"minecraft:potted_bamboo":1,"minecraft:large_fern":23,"minecraft:hay_block":19,"farmersdelight:wild_onions":4,"minecraft:spruce_sapling":9,"minecraft:furnace":1,"minecraft:carrots":3,"rustic_engineer:solarite_ore_deep_slate":12,"minecraft:andesite":8,"minecraft:stripped_spruce_log":2,"farmersdelight:rope":23,"minecraft:deepslate_iron_ore":48,"minecraft:vine":1,"minecraft:bamboo_sapling":4,"minecraft:bamboo":32,"minecraft:stone":533,"minecraft:white_tulip":20,"minecraft:smithing_table":1,"mekanism:deepslate_lead_ore":5,"minecraft:gray_concrete":1,"minecraft:soul_sand":5,"minecraft:dandelion":29,"minecraft:crafting_table":2,"minecraft:cornflower":2,"minecraft:stone_slab":7,"minecraft:tall_grass":607,"minecraft:copper_ore":23,"minecraft:deepslate_gold_ore":16,"minecraft:lapis_ore":7,"minecraft:ice":4,"minecraft:white_carpet":1,"minecraft:spruce_log":180,"thermal:deepslate_silver_ore":14,"gobber2:gobber2_lucky_block_deepslate":5,"minecraft:coal_ore":327,"minecraft:gravel":50,"minecraft:cobweb":2,"minecraft:gold_ore":6,"thermal:deepslate_sulfur_ore":12,"minecraft:fern":100},"minecraft:used":{"minecraft:spruce_slab":1,"minecraft:chest":9,"minecraft:shield":57,"minecraft:stone":9,"minecraft:iron_sword":151,"minecraft:soul_sand":1,"minecraft:carrot":110,"minecraft:allium":1,"minecraft:milk_bucket":2,"minecraft:lava_bucket":2,"minecraft:lantern":1,"farmersdelight:cutting_board":2,"minecraft:bow":3,"minecraft:hay_block":1,"minecraft:furnace":3,"farmersdelight:safety_net":9,"minecraft:egg":44,"minecraft:spruce_door":1,"minecraft:stone_pickaxe":524,"minecraft:wooden_pickaxe":59,"minecraft:composter":1,"minecraft:sand":14,"minecraft:gray_concrete":1,"waystones:waystone":3,"minecraft:light_gray_concrete":10,"farmersdelight:cooked_chicken_cuts":12,"minecraft:gravel":5,"minecraft:wooden_sword":40,"minecraft:smooth_stone_slab":1,"minecraft:bone_meal":54,"minecraft:stone_sword":131,"mekanism:cardboard_box":3,"minecraft:stone_shovel":115,"minecraft:spruce_planks":9,"minecraft:stone_hoe":208,"minecraft:torch":407,"minecraft:dirt":372,"farmersdelight:flint_knife":1888,"minecraft:white_carpet":5,"minecraft:hopper":8,"minecraft:spruce_fence":116,"farmersdelight:rope":363,"minecraft:iron_hoe":59,"minecraft:wooden_axe":67,"minecraft:iron_axe":102,"minecraft:smooth_quartz":5,"minecraft:bamboo":266,"farmersdelight:cooked_mutton_chops":28,"minecraft:cooked_beef":3,"minecraft:cobbled_deepslate":9,"minecraft:wheat_seeds":83,"farmersdelight:iron_knife":1821,"minecraft:water_bucket":13,"farlanders:looter_hood":1,"minecraft:crafting_table":5,"minecraft:red_bed":3,"minecraft:white_bed":1,"minecraft:spruce_log":12,"minecraft:smoker":2,"minecraft:flower_pot":1,"minecraft:diamond_pickaxe":214,"minecraft:apple":2,"minecraft:diamond_shovel":1215,"minecraft:iron_pickaxe":910,"minecraft:spruce_sapling":59,"minecraft:stone_axe":390,"farmersdelight:cooked_bacon":90,"minecraft:cobblestone":411,"farmersdelight:egg_sandwich":10,"minecraft:bucket":14},"minecraft:picked_up":{"minecraft:wheat":264,"minecraft:flower_pot":1,"minecraft:stone_slab":6,"minecraft:smithing_table":1,"minecraft:lead":25,"minecraft:stone_brick_stairs":1,"minecraft:brewing_stand":1,"farmersdelight:cutting_board":1,"minecraft:string":22,"minecraft:raw_copper":126,"minecraft:smooth_stone_slab":2,"thermal:sulfur":111,"minecraft:cobbled_deepslate":88,"minecraft:spruce_planks":7,"minecraft:white_tulip":20,"minecraft:smooth_quartz":16,"delightful:green_tea_leaf":6,"minecraft:furnace":1,"farlanders:rebel_farlander_helmet":1,"minecraft:stick":45,"minecraft:torch":21,"thermal:raw_lead":16,"minecraft:porkchop":81,"tombstone:grave_dust":7,"vampirism:vampire_fang":4,"farmersdelight:chicken_cuts":12,"mekanism:raw_tin":104,"gobber2:gobber2_foo":1,"minecraft:stone_sword":1,"minecraft:rotten_flesh":33,"farmersdelight:tree_bark":421,"farmersdelight:onion":4,"farmersdelight:rope":22,"minecraft:cobblestone":619,"minecraft:cooked_beef":14,"minecraft:feather":9,"minecraft:lilac":1,"farmersdelight:rice":1,"minecraft:iron_door":2,"delightful:animal_fat":41,"minecraft:andesite":8,"minecraft:chiseled_quartz_block":2,"farmersdelight:bacon":162,"minecraft:flint":5,"minecraft:tuff":7,"minecraft:lapis_lazuli":73,"minecraft:dirt":424,"farmersdelight:mutton_chops":28,"minecraft:leather_boots":1,"bhc:red_heart":4,"minecraft:bone":39,"delightful:mini_melon":30,"minecraft:bow":1,"gobber2:gobber2_gooey_beef":3,"minecraft:wheat_seeds":959,"minecraft:raw_gold":26,"minecraft:grindstone":1,"minecraft:bamboo":314,"gobber2:gobber2_gooey_bread":3,"thermal:raw_tin":25,"minecraft:sand":796,"minecraft:stripped_spruce_log":423,"farmersdelight:ham":14,"farmersdelight:cooked_mutton_chops":6,"minecraft:bundle":2,"minecraft:light_gray_concrete":10,"minecraft:diamond":16,"waystones:waystone":3,"minecraft:bone_meal":6,"minecraft:oak_sapling":5,"gobber2:gobber2_goo":4,"minecraft:charcoal":4,"minecraft:allium":25,"minecraft:crafting_table":2,"minecraft:nether_wart":12,"minecraft:chicken":7,"minecraft:ladder":2,"thermal:raw_silver":14,"thermal:cinnabar":11,"minecraft:cornflower":2,"minecraft:red_bed":2,"thermal:raw_nickel":22,"minecraft:white_carpet":1,"minecraft:beef":24,"farmersdelight:straw":570,"thermal:niter":13,"minecraft:poppy":3,"minecraft:spruce_slab":1,"minecraft:sugar_cane":6,"minecraft:egg":69,"minecraft:raw_iron":160,"farmersdelight:minced_beef":42,"minecraft:spruce_fence":19,"minecraft:carrot":377,"minecraft:redstone":171,"minecraft:arrow":15,"minecraft:hay_block":19,"mekanism:cardboard_box":3,"minecraft:mutton":14,"minecraft:white_wool":8,"minecraft:oxeye_daisy":13,"vampirism:vampire_blood_bottle":1,"mekanism:raw_lead":39,"minecraft:leather":27,"minecraft:oak_log":9,"farlanders:looter_hood":1,"minecraft:gunpowder":11,"mekanism:salt":36,"minecraft:apple":1,"minecraft:soul_sand":5,"rustic_engineer:raw_solarite_ore":12,"minecraft:pumpkin":10,"minecraft:dandelion":23,"minecraft:gravel":50,"enigmaticlegacy:enigmatic_amulet":1,"minecraft:spruce_sapling":66,"minecraft:white_bed":5,"minecraft:spruce_log":505,"mekanism:raw_osmium":56,"minecraft:spider_eye":8,"minecraft:prismarine_wall":1,"minecraft:black_wool":1,"minecraft:coal":349,"minecraft:ender_pearl":1},"minecraft:custom":{"enigmaticlegacy:play_time_with_seven_curses":0,"minecraft:animals_bred":132,"minecraft:interact_with_crafting_table":72,"minecraft:open_barrel":9,"minecraft:leave_game":14,"minecraft:time_since_death":218010,"minecraft:sprint_one_cm":877042,"minecraft:damage_blocked_by_shield":2806,"minecraft:drop":5,"minecraft:talked_to_villager":6,"minecraft:play_time":679362,"minecraft:deaths":21,"minecraft:jump":5773,"minecraft:walk_on_water_one_cm":6917,"minecraft:interact_with_furnace":74,"minecraft:sleep_in_bed":26,"minecraft:waystone_activated":5,"tombstone:sneak_grave":1,"minecraft:damage_dealt":21312,"minecraft:crouch_one_cm":28250,"tombstone:undead_killed":37,"minecraft:interact_with_smoker":18,"minecraft:mob_kills":132,"tombstone:use_vanishing":1,"minecraft:damage_dealt_resisted":382,"minecraft:climb_one_cm":127324,"minecraft:walk_one_cm":915164,"minecraft:sneak_time":17908,"minecraft:walk_under_water_one_cm":5850,"minecraft:total_world_time":679362,"enigmaticlegacy:play_time_without_seven_curses":664461,"minecraft:time_since_rest":64918,"minecraft:damage_taken":15410,"minecraft:swim_one_cm":275,"minecraft:fly_one_cm":1070908,"minecraft:open_chest":227,"minecraft:fall_one_cm":146563}},"DataVersion":3465}