{"stats":{"minecraft:killed_by":{"minecraft:creeper":5,"minecraft:spider":1,"minecraft:skeleton":3,"farlanders:rebel":2,"minecraft:zombie":4,"vampirism:vampire":1},"minecraft:mined":{"thermal:deepslate_tin_ore":4,"minecraft:prismarine_wall":1,"minecraft:white_bed":5,"thermal:cinnabar_ore":7,"thermal:sulfur_ore":13,"farmersdelight:wild_carrots":33,"thermal:tin_ore":15,"minecraft:brewing_stand":1,"mekanism:deepslate_osmium_ore":7,"minecraft:glow_lichen":1,"minecraft:allium":17,"minecraft:spruce_fence":8,"minecraft:grass_block":4,"gobber2:gobber2_lucky_block":5,"thermal:deepslate_nickel_ore":8,"minecraft:redstone_wire":1,"minecraft:spruce_leaves":6,"minecraft:potted_bamboo":1,"minecraft:oxeye_daisy":13,"minecraft:nether_wart":4,"minecraft:spawner":1,"minecraft:large_fern":23,"minecraft:hay_block":18,"farmersdelight:wild_onions":4,"minecraft:spruce_sapling":3,"minecraft:furnace":1,"minecraft:carrots":3,"minecraft:fire":1,"farmersdelight:wild_rice":1,"minecraft:iron_ore":81,"minecraft:cobbled_deepslate":1,"minecraft:andesite":8,"minecraft:stripped_spruce_log":2,"minecraft:pumpkin":10,"minecraft:deepslate_lapis_ore":1,"minecraft:deepslate_iron_ore":36,"farmersdelight:rope":23,"minecraft:vine":1,"minecraft:light_gray_concrete":13,"minecraft:bamboo_sapling":1,"minecraft:bamboo":1,"minecraft:white_tulip":20,"minecraft:stone":454,"minecraft:spruce_slab":2,"minecraft:smithing_table":1,"mekanism:deepslate_lead_ore":5,"minecraft:deepslate_redstone_ore":2,"mekanism:osmium_ore":32,"minecraft:gray_concrete":1,"minecraft:red_bed":2,"minecraft:soul_sand":5,"minecraft:dandelion":29,"thermal:lead_ore":3,"minecraft:chiseled_quartz_block":2,"minecraft:crafting_table":2,"minecraft:cornflower":2,"minecraft:torch":2,"minecraft:poppy":3,"mekanism:tin_ore":58,"minecraft:copper_ore":23,"minecraft:tall_grass":592,"minecraft:cobblestone":42,"minecraft:deepslate_gold_ore":6,"minecraft:lapis_ore":4,"minecraft:grindstone":1,"minecraft:sugar_cane":6,"minecraft:iron_door":2,"minecraft:wall_torch":2,"minecraft:wheat":38,"minecraft:ice":2,"minecraft:lilac":1,"minecraft:spruce_log":180,"minecraft:white_carpet":1,"thermal:niter_ore":3,"minecraft:stone_brick_stairs":3,"minecraft:smooth_stone_slab":2,"mekanism:deepslate_tin_ore":22,"minecraft:grass":2911,"minecraft:oak_log":9,"minecraft:coal_ore":290,"mekanism:lead_ore":24,"delightful:mini_melon":30,"minecraft:gravel":49,"minecraft:smooth_quartz":17,"minecraft:dirt":7,"minecraft:cobweb":2,"thermal:nickel_ore":2,"thermal:deepslate_sulfur_ore":6,"minecraft:gold_ore":6,"minecraft:deepslate":5,"minecraft:fern":96},"minecraft:killed":{"vampirism:vampire":7,"minecraft:cave_spider":1,"vampirism:advanced_vampire":1,"minecraft:spider":8,"minecraft:skeleton":12,"minecraft:pig":17,"farlanders:looter":1,"farlanders:rebel":3,"minecraft:creeper":7,"minecraft:sheep":9,"minecraft:zombie":11,"minecraft:cow":2},"minecraft:broken":{"minecraft:stone_sword":1,"minecraft:wooden_pickaxe":1,"minecraft:stone_pickaxe":4,"minecraft:iron_axe":2,"minecraft:stone_axe":2,"minecraft:iron_pickaxe":2,"farlanders:rebel_farlander_helmet":1,"minecraft:wooden_axe":1,"minecraft:stone_shovel":1},"minecraft:picked_up":{"minecraft:charcoal":4,"minecraft:crafting_table":2,"minecraft:wheat":169,"minecraft:allium":24,"minecraft:ladder":2,"minecraft:nether_wart":12,"minecraft:flower_pot":1,"thermal:cinnabar":11,"minecraft:smithing_table":1,"minecraft:lead":23,"minecraft:stone_brick_stairs":1,"minecraft:brewing_stand":1,"farmersdelight:cutting_board":1,"minecraft:cornflower":2,"minecraft:string":18,"minecraft:red_bed":2,"minecraft:raw_copper":80,"minecraft:smooth_stone_slab":2,"thermal:raw_nickel":10,"minecraft:white_carpet":1,"thermal:sulfur":71,"minecraft:cobbled_deepslate":6,"thermal:niter":13,"minecraft:beef":3,"minecraft:white_tulip":20,"farmersdelight:straw":569,"minecraft:poppy":3,"minecraft:smooth_quartz":16,"minecraft:spruce_slab":1,"delightful:green_tea_leaf":6,"minecraft:sugar_cane":6,"minecraft:furnace":1,"minecraft:egg":18,"farlanders:rebel_farlander_helmet":1,"minecraft:stick":45,"minecraft:raw_iron":127,"thermal:raw_lead":3,"farmersdelight:minced_beef":6,"minecraft:torch":14,"minecraft:spruce_fence":7,"minecraft:porkchop":46,"tombstone:grave_dust":6,"vampirism:vampire_fang":4,"minecraft:carrot":232,"minecraft:redstone":10,"mekanism:raw_tin":80,"minecraft:stone_sword":1,"minecraft:arrow":8,"minecraft:rotten_flesh":26,"farmersdelight:onion":4,"farmersdelight:tree_bark":421,"minecraft:hay_block":18,"farmersdelight:rope":22,"minecraft:mutton":14,"minecraft:white_wool":8,"minecraft:cobblestone":544,"minecraft:oxeye_daisy":13,"vampirism:vampire_blood_bottle":1,"minecraft:lilac":1,"minecraft:andesite":8,"farmersdelight:rice":1,"mekanism:raw_lead":29,"minecraft:iron_door":2,"delightful:animal_fat":31,"minecraft:leather":3,"minecraft:chiseled_quartz_block":2,"farmersdelight:bacon":90,"minecraft:flint":5,"minecraft:oak_log":9,"farlanders:looter_hood":1,"minecraft:gunpowder":10,"minecraft:lapis_lazuli":30,"minecraft:dirt":50,"farmersdelight:mutton_chops":28,"bhc:red_heart":4,"minecraft:bone":23,"minecraft:apple":1,"delightful:mini_melon":30,"minecraft:bow":1,"gobber2:gobber2_gooey_beef":1,"minecraft:wheat_seeds":787,"minecraft:raw_gold":12,"minecraft:grindstone":1,"minecraft:bamboo":11,"minecraft:soul_sand":5,"gobber2:gobber2_gooey_bread":2,"thermal:raw_tin":19,"minecraft:pumpkin":10,"minecraft:dandelion":23,"minecraft:gravel":44,"enigmaticlegacy:enigmatic_amulet":1,"minecraft:stripped_spruce_log":423,"minecraft:spruce_sapling":60,"minecraft:white_bed":5,"minecraft:spruce_log":505,"farmersdelight:ham":8,"mekanism:raw_osmium":39,"minecraft:spider_eye":6,"farmersdelight:cooked_mutton_chops":6,"minecraft:bundle":1,"minecraft:light_gray_concrete":10,"minecraft:prismarine_wall":1,"waystones:waystone":3,"minecraft:oak_sapling":5,"minecraft:black_wool":1,"gobber2:gobber2_goo":2,"minecraft:coal":312,"minecraft:ender_pearl":1},"minecraft:used":{"minecraft:stone_sword":131,"minecraft:spruce_slab":1,"minecraft:stone_shovel":115,"minecraft:chest":8,"minecraft:shield":36,"minecraft:stone":9,"minecraft:stone_hoe":208,"minecraft:torch":288,"minecraft:soul_sand":1,"minecraft:dirt":46,"farmersdelight:flint_knife":1888,"minecraft:white_carpet":4,"minecraft:allium":1,"minecraft:carrot":61,"minecraft:spruce_fence":89,"minecraft:milk_bucket":2,"farmersdelight:rope":315,"minecraft:wooden_axe":67,"minecraft:lava_bucket":2,"minecraft:iron_axe":86,"minecraft:smooth_quartz":5,"minecraft:bamboo":11,"farmersdelight:cutting_board":2,"minecraft:bow":3,"minecraft:furnace":3,"farmersdelight:safety_net":9,"minecraft:egg":18,"farmersdelight:cooked_mutton_chops":28,"minecraft:cooked_beef":3,"minecraft:wheat_seeds":83,"farmersdelight:iron_knife":1770,"minecraft:water_bucket":12,"farlanders:looter_hood":1,"minecraft:spruce_door":1,"minecraft:stone_pickaxe":524,"minecraft:wooden_pickaxe":59,"minecraft:composter":1,"minecraft:crafting_table":4,"minecraft:red_bed":3,"minecraft:white_bed":1,"minecraft:gray_concrete":1,"minecraft:spruce_log":12,"waystones:waystone":3,"minecraft:flower_pot":1,"minecraft:apple":2,"minecraft:light_gray_concrete":10,"minecraft:iron_pickaxe":714,"minecraft:gravel":5,"minecraft:spruce_sapling":57,"minecraft:stone_axe":390,"minecraft:wooden_sword":40,"farmersdelight:cooked_bacon":90,"minecraft:cobblestone":409,"minecraft:bucket":14,"minecraft:smooth_stone_slab":1,"minecraft:bone_meal":54},"minecraft:crafted":{"minecraft:wooden_sword":1,"minecraft:oak_planks":36,"minecraft:stone_shovel":1,"dustrial_decor:cardboard_boots":1,"mekanism:ingot_osmium":7,"farmersdelight:canvas":35,"minecraft:furnace":2,"minecraft:bone_meal":54,"farmersdelight:rope":640,"minecraft:spruce_fence":192,"minecraft:white_carpet":3,"farmersdelight:safety_net":10,"bhc:red_heart_patch":1,"minecraft:iron_boots":1,"sophisticatedbackpacks:copper_backpack":1,"minecraft:iron_axe":3,"minecraft:spruce_slab":12,"minecraft:stone_pickaxe":4,"minecraft:chest":18,"minecraft:copper_block":5,"minecraft:stone_hoe":1,"minecraft:lead":19,"sophisticatedbackpacks:iron_backpack":1,"minecraft:cooked_beef":3,"minecraft:red_dye":1,"minecraft:wooden_shovel":1,"farmersdelight:cooked_mutton_chops":22,"sophisticatedbackpacks:backpack":1,"minecraft:crafting_table":2,"minecraft:spruce_planks":916,"minecraft:wooden_pickaxe":1,"minecraft:iron_sword":1,"minecraft:spruce_door":3,"minecraft:red_bed":1,"dustrial_decor:cardboard":12,"minecraft:copper_ingot":80,"minecraft:bucket":1,"minecraft:stone_axe":2,"minecraft:air":0,"farmersdelight:beef_patty":6,"farmersdelight:cutting_board":1,"thermal:nickel_ingot":2,"minecraft:iron_chestplate":1,"minecraft:wooden_hoe":1,"minecraft:paper":25,"minecraft:charcoal":10,"minecraft:shield":1,"minecraft:stick":504,"minecraft:iron_ingot":45,"minecraft:iron_pickaxe":3,"minecraft:wooden_axe":1,"minecraft:stone_sword":1,"farmersdelight:cooked_bacon":90,"minecraft:white_bed":1,"dustrial_decor:cardboard_chestplate":1,"minecraft:composter":1,"minecraft:torch":296},"minecraft:custom":{"enigmaticlegacy:play_time_with_seven_curses":0,"minecraft:mob_kills":84,"minecraft:animals_bred":78,"tombstone:use_vanishing":1,"minecraft:interact_with_crafting_table":51,"minecraft:open_barrel":9,"minecraft:damage_dealt_resisted":382,"minecraft:leave_game":9,"minecraft:time_since_death":27763,"minecraft:climb_one_cm":69624,"minecraft:sprint_one_cm":602451,"minecraft:walk_one_cm":624851,"minecraft:damage_blocked_by_shield":1726,"minecraft:drop":2,"minecraft:talked_to_villager":3,"minecraft:play_time":390013,"minecraft:sneak_time":11884,"minecraft:deaths":19,"minecraft:walk_under_water_one_cm":5850,"minecraft:jump":4001,"minecraft:walk_on_water_one_cm":6510,"minecraft:total_world_time":390013,"minecraft:interact_with_furnace":54,"enigmaticlegacy:play_time_without_seven_curses":375172,"minecraft:sleep_in_bed":16,"minecraft:time_since_rest":26788,"minecraft:waystone_activated":5,"minecraft:damage_taken":12245,"tombstone:sneak_grave":1,"minecraft:damage_dealt":14910,"minecraft:swim_one_cm":275,"minecraft:fly_one_cm":733483,"minecraft:open_chest":132,"minecraft:crouch_one_cm":15800,"tombstone:undead_killed":23,"minecraft:fall_one_cm":101712},"minecraft:dropped":{"minecraft:rotten_flesh":1,"enigmaticlegacy:enigmatic_amulet":1}},"DataVersion":3465}