{"stats":{"minecraft:picked_up":{"minecraft:charcoal":44,"minecraft:crafting_table":5,"minecraft:ladder":3,"minecraft:crimson_trapdoor":2,"farmersdelight:cutting_board":1,"minecraft:moss_carpet":27,"minecraft:string":22,"thermal:raw_nickel":4,"minecraft:blackstone":72,"minecraft:spruce_planks":14,"minecraft:beef":1,"minecraft:player_head":1,"minecraft:spruce_slab":4,"minecraft:sugar_cane":5,"minecraft:chest":1,"minecraft:mangrove_log":68,"minecraft:furnace":4,"minecraft:stick":14,"farmersdelight:minced_beef":2,"minecraft:green_bed":4,"minecraft:spruce_fence":1,"minecraft:porkchop":8,"tombstone:grave_dust":2,"minecraft:arrow":5,"minecraft:rotten_flesh":20,"minecraft:mangrove_roots":90,"minecraft:mutton":1,"minecraft:glow_berries":4,"minecraft:white_wool":1,"minecraft:mud_bricks":15,"minecraft:smoker":1,"farmersdelight:bacon":16,"minecraft:packed_mud":11,"minecraft:flint":4,"farmersdelight:mutton_chops":2,"bhc:red_heart":4,"minecraft:bone":5,"farmersdelight:pumpkin_slice":56,"minecraft:spruce_wood":50,"tombstone:bag_of_seeds":1,"minecraft:moss_block":11,"minecraft:oak_planks":11,"minecraft:dark_oak_stairs":2,"minecraft:oak_slab":1,"minecraft:smooth_basalt":4,"minecraft:pumpkin":14,"minecraft:gravel":60,"minecraft:jungle_planks":6,"minecraft:crimson_stairs":1,"minecraft:stripped_spruce_log":62,"minecraft:spruce_log":128,"minecraft:spider_eye":1,"minecraft:oak_wood":1,"minecraft:mangrove_propagule":6,"minecraft:dark_oak_wood":5,"minecraft:bricks":1},"minecraft:broken":{"minecraft:iron_boots":1,"minecraft:stone_axe":1,"minecraft:wooden_axe":1},"minecraft:crafted":{"minecraft:oak_planks":4,"minecraft:furnace":1,"minecraft:mud_bricks":4,"minecraft:diamond_shovel":1,"minecraft:spruce_fence":18,"minecraft:ladder":6,"minecraft:spruce_slab":6,"minecraft:chest":4,"minecraft:dark_oak_planks":12,"minecraft:diamond_sword":1,"minecraft:diamond_axe":1,"minecraft:spruce_planks":816,"farmersdelight:flint_knife":1,"minecraft:mangrove_planks":4,"minecraft:stone_axe":2,"minecraft:air":0,"farmersdelight:cutting_board":1,"minecraft:charcoal":32,"minecraft:diamond_pickaxe":1,"minecraft:shield":1,"minecraft:stick":100,"minecraft:wooden_axe":1,"minecraft:stone_sword":1,"farmersdelight:cooked_bacon":16,"minecraft:torch":112,"minecraft:diamond_chestplate":1},"minecraft:mined":{"minecraft:spruce_planks":15,"minecraft:black_terracotta":1,"minecraft:mangrove_roots":90,"minecraft:glow_lichen":1,"minecraft:ladder":3,"minecraft:cave_vines_plant":1,"minecraft:spruce_fence":1,"minecraft:jungle_planks":6,"thermal:deepslate_nickel_ore":4,"minecraft:mud_bricks":16,"minecraft:furnace":4,"minecraft:packed_mud":10,"minecraft:dark_oak_trapdoor":2,"minecraft:stripped_spruce_log":54,"minecraft:pumpkin":14,"minecraft:dark_oak_stairs":4,"minecraft:cave_vines":2,"minecraft:spruce_wood":50,"minecraft:azalea":1,"minecraft:blue_orchid":1,"minecraft:spruce_slab":3,"minecraft:green_bed":4,"minecraft:oak_slab":1,"minecraft:blackstone":72,"minecraft:smoker":1,"minecraft:crafting_table":5,"minecraft:dark_oak_wood":6,"minecraft:oak_wood":1,"minecraft:rose_bush":1,"minecraft:sugar_cane":5,"minecraft:oak_planks":12,"minecraft:bricks":1,"minecraft:spruce_log":128,"minecraft:gravel":64,"minecraft:cobweb":22,"minecraft:mangrove_log":44,"minecraft:smooth_basalt":4,"minecraft:small_dripleaf":1},"minecraft:custom":{"enigmaticlegacy:play_time_with_seven_curses":0,"minecraft:mob_kills":35,"minecraft:interact_with_crafting_table":25,"minecraft:open_barrel":5,"minecraft:leave_game":3,"minecraft:time_since_death":1013,"minecraft:climb_one_cm":11988,"minecraft:sprint_one_cm":100506,"minecraft:walk_one_cm":163743,"minecraft:damage_blocked_by_shield":2610,"minecraft:drop":6,"minecraft:talked_to_villager":1,"minecraft:play_time":79385,"minecraft:deaths":21,"minecraft:sneak_time":4321,"minecraft:walk_under_water_one_cm":2831,"minecraft:jump":595,"minecraft:walk_on_water_one_cm":7006,"minecraft:total_world_time":79385,"minecraft:interact_with_furnace":19,"enigmaticlegacy:play_time_without_seven_curses":78183,"minecraft:sleep_in_bed":4,"minecraft:time_since_rest":867,"minecraft:damage_taken":7106,"minecraft:damage_dealt":4775,"minecraft:swim_one_cm":6046,"minecraft:fly_one_cm":77493,"minecraft:open_chest":30,"minecraft:crouch_one_cm":15015,"tombstone:undead_killed":27,"minecraft:interact_with_smoker":1,"minecraft:fall_one_cm":14622},"minecraft:killed_by":{"minecraft:skeleton":1,"minecraft:zombie":19},"minecraft:killed":{"minecraft:spider":1,"minecraft:skeleton":8,"minecraft:pig":4,"minecraft:sheep":1,"minecraft:zombie":19,"minecraft:cow":1},"minecraft:used":{"minecraft:moss_carpet":3,"minecraft:stone_sword":70,"minecraft:spruce_slab":2,"minecraft:ladder":7,"minecraft:chest":4,"minecraft:spruce_planks":301,"minecraft:shield":31,"minecraft:torch":67,"farmersdelight:flint_knife":1,"minecraft:spruce_fence":1,"minecraft:stripped_spruce_log":1,"minecraft:wooden_axe":59,"minecraft:dark_oak_planks":12,"minecraft:bricks":1,"minecraft:packed_mud":5,"minecraft:dark_oak_wood":2,"minecraft:mud_bricks":14,"farmersdelight:cutting_board":1,"minecraft:furnace":5,"tombstone:gift":1,"cardiac:life_bottle":1,"minecraft:oak_planks":11,"minecraft:diamond_axe":15,"minecraft:green_bed":4,"farmersdelight:pumpkin_slice":3,"minecraft:white_wool":1,"minecraft:glow_berries":21,"minecraft:oak_slab":1,"minecraft:crafting_table":5,"minecraft:diamond_pickaxe":29,"minecraft:iron_pickaxe":85,"minecraft:gravel":9,"minecraft:stone_axe":161,"minecraft:diamond_sword":67,"farmersdelight:cooked_bacon":16},"minecraft:dropped":{"minecraft:mangrove_propagule":6,"minecraft:mangrove_planks":1,"tombstone:grave_dust":1,"minecraft:smooth_basalt":4,"minecraft:rotten_flesh":2,"minecraft:blue_orchid":1}},"DataVersion":3465}