{"stats":{"minecraft:broken":{"minecraft:wooden_axe":1},"minecraft:custom":{"enigmaticlegacy:play_time_with_seven_curses":0,"minecraft:interact_with_furnace":14,"minecraft:mob_kills":13,"enigmaticlegacy:play_time_without_seven_curses":33460,"minecraft:interact_with_crafting_table":13,"minecraft:open_barrel":2,"minecraft:leave_game":1,"minecraft:time_since_death":4858,"minecraft:sleep_in_bed":2,"minecraft:climb_one_cm":8652,"minecraft:time_since_rest":3421,"minecraft:sprint_one_cm":22626,"minecraft:damage_taken":798,"minecraft:walk_one_cm":60111,"minecraft:drop":6,"minecraft:damage_dealt":2182,"minecraft:swim_one_cm":6046,"minecraft:talked_to_villager":1,"minecraft:fly_one_cm":21280,"minecraft:open_chest":6,"minecraft:play_time":33518,"tombstone:undead_killed":7,"minecraft:deaths":2,"minecraft:sneak_time":225,"minecraft:walk_under_water_one_cm":2831,"minecraft:jump":193,"minecraft:walk_on_water_one_cm":6233,"minecraft:total_world_time":33518,"minecraft:fall_one_cm":2063},"minecraft:killed":{"minecraft:pig":4,"minecraft:sheep":1,"minecraft:skeleton":2,"minecraft:zombie":5,"minecraft:cow":1},"minecraft:crafted":{"minecraft:spruce_planks":104,"farmersdelight:flint_knife":1,"minecraft:furnace":1,"minecraft:mangrove_planks":4,"minecraft:stone_axe":1,"minecraft:air":0,"farmersdelight:cutting_board":1,"minecraft:charcoal":15,"minecraft:ladder":6,"minecraft:stick":20,"minecraft:wooden_axe":1,"minecraft:stone_sword":1,"farmersdelight:cooked_bacon":16},"minecraft:killed_by":{"minecraft:skeleton":1,"minecraft:zombie":1},"minecraft:dropped":{"minecraft:mangrove_propagule":6,"minecraft:rotten_flesh":2,"minecraft:mangrove_planks":1,"tombstone:grave_dust":1,"minecraft:blue_orchid":1,"minecraft:smooth_basalt":4},"minecraft:used":{"minecraft:stone_sword":70,"minecraft:ladder":7,"minecraft:spruce_planks":12,"minecraft:green_bed":1,"minecraft:white_wool":1,"minecraft:glow_berries":17,"farmersdelight:flint_knife":1,"minecraft:oak_slab":1,"minecraft:crafting_table":3,"minecraft:spruce_fence":1,"minecraft:stripped_spruce_log":1,"minecraft:wooden_axe":59,"minecraft:iron_pickaxe":84,"minecraft:gravel":9,"minecraft:stone_axe":25,"farmersdelight:cooked_bacon":1,"farmersdelight:cutting_board":1,"minecraft:furnace":3,"tombstone:gift":1},"minecraft:mined":{"minecraft:oak_slab":1,"minecraft:blackstone":72,"minecraft:mangrove_roots":90,"minecraft:crafting_table":4,"minecraft:ladder":3,"minecraft:spruce_fence":1,"thermal:deepslate_nickel_ore":4,"minecraft:sugar_cane":5,"minecraft:furnace":3,"minecraft:stripped_spruce_log":54,"minecraft:pumpkin":14,"minecraft:gravel":64,"minecraft:cobweb":22,"minecraft:mangrove_log":44,"minecraft:smooth_basalt":4,"minecraft:blue_orchid":1,"minecraft:green_bed":2},"minecraft:picked_up":{"minecraft:charcoal":34,"minecraft:crafting_table":4,"minecraft:ladder":3,"farmersdelight:bacon":16,"minecraft:flint":4,"farmersdelight:cutting_board":1,"minecraft:string":20,"minecraft:moss_carpet":22,"farmersdelight:mutton_chops":2,"thermal:raw_nickel":4,"bhc:red_heart":1,"minecraft:blackstone":72,"farmersdelight:pumpkin_slice":56,"minecraft:beef":1,"minecraft:sugar_cane":5,"minecraft:mangrove_log":44,"minecraft:furnace":3,"minecraft:oak_slab":1,"minecraft:stick":14,"minecraft:smooth_basalt":4,"minecraft:pumpkin":14,"farmersdelight:minced_beef":2,"minecraft:green_bed":2,"minecraft:spruce_fence":1,"minecraft:gravel":60,"minecraft:porkchop":8,"minecraft:stripped_spruce_log":62,"minecraft:rotten_flesh":2,"minecraft:mangrove_roots":90,"minecraft:mangrove_propagule":6,"minecraft:glow_berries":2,"minecraft:mutton":1,"minecraft:white_wool":1}},"DataVersion":3465}