{"stats":{"minecraft:killed_by":{"minecraft:creeper":2,"minecraft:spider":1,"minecraft:skeleton":3,"farlanders:rebel":1,"minecraft:zombie":3,"vampirism:vampire":1},"minecraft:mined":{"minecraft:prismarine_wall":1,"minecraft:white_bed":1,"farmersdelight:wild_carrots":5,"thermal:tin_ore":8,"minecraft:glow_lichen":1,"minecraft:allium":17,"minecraft:grass_block":2,"minecraft:spruce_fence":8,"gobber2:gobber2_lucky_block":4,"minecraft:redstone_wire":1,"minecraft:spruce_leaves":4,"minecraft:oxeye_daisy":12,"minecraft:spawner":1,"minecraft:large_fern":22,"farmersdelight:wild_onions":4,"minecraft:furnace":1,"minecraft:carrots":3,"farmersdelight:wild_rice":1,"minecraft:iron_ore":24,"minecraft:pumpkin":10,"farmersdelight:rope":15,"minecraft:vine":1,"minecraft:light_gray_concrete":13,"minecraft:stone":360,"minecraft:white_tulip":18,"minecraft:spruce_slab":2,"mekanism:osmium_ore":7,"minecraft:gray_concrete":1,"minecraft:red_bed":2,"minecraft:dandelion":28,"minecraft:chiseled_quartz_block":2,"minecraft:crafting_table":2,"minecraft:cornflower":2,"minecraft:torch":1,"minecraft:poppy":1,"mekanism:tin_ore":7,"minecraft:copper_ore":23,"minecraft:tall_grass":556,"minecraft:cobblestone":41,"minecraft:sugar_cane":6,"minecraft:iron_door":2,"minecraft:wall_torch":1,"minecraft:wheat":38,"minecraft:ice":2,"minecraft:lilac":1,"minecraft:spruce_log":131,"minecraft:stone_brick_stairs":3,"minecraft:smooth_stone_slab":2,"minecraft:grass":2770,"minecraft:oak_log":9,"minecraft:coal_ore":270,"delightful:mini_melon":30,"minecraft:dirt":3,"minecraft:smooth_quartz":17,"minecraft:fern":91},"minecraft:killed":{"vampirism:vampire":7,"vampirism:advanced_vampire":1,"minecraft:spider":5,"minecraft:skeleton":7,"minecraft:pig":16,"farlanders:looter":1,"farlanders:rebel":1,"minecraft:creeper":3,"minecraft:sheep":9,"minecraft:zombie":11,"minecraft:cow":2},"minecraft:broken":{"minecraft:stone_sword":1,"minecraft:wooden_pickaxe":1,"minecraft:stone_pickaxe":4,"minecraft:stone_axe":2,"farlanders:rebel_farlander_helmet":1,"minecraft:wooden_axe":1},"minecraft:picked_up":{"minecraft:charcoal":4,"minecraft:crafting_table":2,"minecraft:wheat":92,"minecraft:allium":24,"minecraft:ladder":2,"minecraft:lead":23,"minecraft:stone_brick_stairs":1,"farmersdelight:cutting_board":1,"minecraft:cornflower":2,"minecraft:red_bed":2,"minecraft:string":6,"minecraft:raw_copper":80,"minecraft:smooth_stone_slab":2,"minecraft:beef":3,"minecraft:white_tulip":18,"farmersdelight:straw":564,"minecraft:poppy":1,"minecraft:smooth_quartz":16,"minecraft:spruce_slab":1,"delightful:green_tea_leaf":1,"minecraft:sugar_cane":6,"minecraft:furnace":1,"farlanders:rebel_farlander_helmet":1,"minecraft:stick":5,"minecraft:raw_iron":24,"farmersdelight:minced_beef":6,"minecraft:torch":6,"minecraft:spruce_fence":7,"minecraft:porkchop":45,"tombstone:grave_dust":6,"vampirism:vampire_fang":4,"minecraft:carrot":85,"minecraft:redstone":1,"mekanism:raw_tin":7,"minecraft:stone_sword":1,"minecraft:arrow":6,"minecraft:rotten_flesh":20,"farmersdelight:tree_bark":77,"farmersdelight:onion":4,"farmersdelight:rope":14,"minecraft:mutton":14,"minecraft:white_wool":8,"minecraft:cobblestone":431,"minecraft:oxeye_daisy":12,"vampirism:vampire_blood_bottle":1,"minecraft:lilac":1,"farmersdelight:rice":1,"minecraft:iron_door":2,"delightful:animal_fat":30,"minecraft:leather":3,"minecraft:chiseled_quartz_block":2,"farmersdelight:bacon":90,"minecraft:oak_log":9,"farlanders:looter_hood":1,"minecraft:gunpowder":5,"minecraft:dirt":43,"farmersdelight:mutton_chops":28,"bhc:red_heart":2,"minecraft:bone":16,"minecraft:apple":1,"gobber2:gobber2_gooey_beef":1,"minecraft:bow":1,"delightful:mini_melon":30,"minecraft:wheat_seeds":630,"gobber2:gobber2_gooey_bread":1,"thermal:raw_tin":8,"minecraft:pumpkin":10,"minecraft:dandelion":22,"enigmaticlegacy:enigmatic_amulet":1,"minecraft:stripped_spruce_log":77,"minecraft:spruce_sapling":9,"minecraft:white_bed":1,"minecraft:spruce_log":131,"farmersdelight:ham":8,"mekanism:raw_osmium":7,"minecraft:spider_eye":4,"farmersdelight:cooked_mutton_chops":6,"minecraft:bundle":1,"minecraft:light_gray_concrete":10,"minecraft:prismarine_wall":1,"minecraft:oak_sapling":5,"minecraft:black_wool":1,"gobber2:gobber2_goo":2,"minecraft:coal":270},"minecraft:used":{"minecraft:stone_sword":131,"minecraft:stone_shovel":64,"minecraft:spruce_slab":1,"minecraft:chest":4,"minecraft:shield":21,"minecraft:stone_hoe":208,"minecraft:torch":111,"minecraft:dirt":44,"farmersdelight:flint_knife":1888,"minecraft:white_carpet":3,"minecraft:allium":1,"minecraft:carrot":39,"minecraft:spruce_fence":89,"minecraft:milk_bucket":2,"farmersdelight:rope":260,"minecraft:wooden_axe":67,"minecraft:smooth_quartz":5,"farmersdelight:cutting_board":2,"minecraft:bow":3,"minecraft:furnace":3,"farmersdelight:cooked_mutton_chops":28,"minecraft:cooked_beef":3,"minecraft:wheat_seeds":83,"farmersdelight:iron_knife":1606,"minecraft:water_bucket":12,"minecraft:spruce_door":1,"farlanders:looter_hood":1,"minecraft:stone_pickaxe":524,"minecraft:wooden_pickaxe":59,"minecraft:composter":1,"minecraft:crafting_table":4,"minecraft:red_bed":3,"minecraft:white_bed":1,"minecraft:gray_concrete":1,"minecraft:spruce_log":12,"minecraft:apple":2,"minecraft:light_gray_concrete":6,"minecraft:iron_pickaxe":208,"minecraft:spruce_sapling":9,"minecraft:stone_axe":390,"farmersdelight:cooked_bacon":66,"minecraft:wooden_sword":40,"minecraft:cobblestone":390,"minecraft:bucket":12,"minecraft:smooth_stone_slab":1,"minecraft:bone_meal":54},"minecraft:crafted":{"minecraft:wooden_sword":1,"minecraft:oak_planks":36,"minecraft:stone_shovel":1,"dustrial_decor:cardboard_boots":1,"mekanism:ingot_osmium":7,"farmersdelight:canvas":35,"minecraft:furnace":2,"minecraft:bone_meal":54,"farmersdelight:rope":512,"minecraft:spruce_fence":192,"minecraft:white_carpet":3,"bhc:red_heart_patch":1,"minecraft:iron_boots":1,"minecraft:spruce_slab":12,"minecraft:stone_pickaxe":4,"minecraft:chest":5,"minecraft:copper_block":5,"minecraft:stone_hoe":1,"minecraft:lead":19,"minecraft:cooked_beef":3,"minecraft:red_dye":1,"minecraft:wooden_shovel":1,"farmersdelight:cooked_mutton_chops":22,"sophisticatedbackpacks:backpack":1,"minecraft:crafting_table":2,"minecraft:spruce_planks":436,"minecraft:wooden_pickaxe":1,"minecraft:spruce_door":3,"minecraft:red_bed":1,"dustrial_decor:cardboard":12,"minecraft:copper_ingot":80,"minecraft:bucket":1,"minecraft:stone_axe":2,"minecraft:air":0,"farmersdelight:beef_patty":6,"farmersdelight:cutting_board":1,"minecraft:iron_chestplate":1,"minecraft:wooden_hoe":1,"minecraft:paper":25,"minecraft:charcoal":10,"minecraft:shield":1,"minecraft:stick":264,"minecraft:iron_ingot":24,"minecraft:iron_pickaxe":1,"minecraft:wooden_axe":1,"minecraft:stone_sword":1,"farmersdelight:cooked_bacon":90,"minecraft:white_bed":1,"dustrial_decor:cardboard_chestplate":1,"minecraft:composter":1,"minecraft:torch":112},"minecraft:custom":{"enigmaticlegacy:play_time_with_seven_curses":0,"minecraft:mob_kills":65,"minecraft:animals_bred":12,"tombstone:use_vanishing":1,"minecraft:interact_with_crafting_table":39,"minecraft:damage_dealt_resisted":382,"minecraft:leave_game":7,"minecraft:time_since_death":30369,"minecraft:climb_one_cm":45007,"minecraft:sprint_one_cm":373482,"minecraft:walk_one_cm":388910,"minecraft:damage_blocked_by_shield":1186,"minecraft:drop":2,"minecraft:play_time":186772,"minecraft:deaths":14,"minecraft:sneak_time":8392,"minecraft:walk_under_water_one_cm":5850,"minecraft:jump":2558,"minecraft:walk_on_water_one_cm":6510,"minecraft:total_world_time":186772,"minecraft:interact_with_furnace":43,"enigmaticlegacy:play_time_without_seven_curses":186157,"minecraft:sleep_in_bed":10,"minecraft:time_since_rest":9024,"minecraft:damage_taken":9165,"minecraft:damage_dealt":11688,"minecraft:swim_one_cm":275,"minecraft:fly_one_cm":451791,"minecraft:open_chest":65,"minecraft:crouch_one_cm":13720,"tombstone:undead_killed":18,"minecraft:fall_one_cm":59332},"minecraft:dropped":{"minecraft:rotten_flesh":1,"enigmaticlegacy:enigmatic_amulet":1}},"DataVersion":3465}