{"stats":{"minecraft:broken":{"minecraft:wooden_axe":1},"minecraft:custom":{"minecraft:time_since_rest":1232,"enigmaticlegacy:play_time_with_seven_curses":0,"minecraft:interact_with_furnace":6,"minecraft:sprint_one_cm":10152,"minecraft:damage_taken":355,"minecraft:walk_one_cm":38736,"minecraft:mob_kills":3,"minecraft:damage_dealt":470,"enigmaticlegacy:play_time_without_seven_curses":21488,"minecraft:talked_to_villager":1,"minecraft:swim_one_cm":819,"minecraft:interact_with_crafting_table":9,"minecraft:fly_one_cm":9154,"minecraft:open_barrel":2,"minecraft:open_chest":5,"minecraft:deaths":1,"minecraft:play_time":21518,"tombstone:undead_killed":2,"minecraft:sneak_time":46,"minecraft:walk_under_water_one_cm":2077,"minecraft:jump":107,"minecraft:leave_game":1,"minecraft:time_since_death":1444,"minecraft:walk_on_water_one_cm":3479,"minecraft:sleep_in_bed":1,"minecraft:total_world_time":21518,"minecraft:climb_one_cm":6526,"minecraft:fall_one_cm":950},"minecraft:killed":{"minecraft:skeleton":2,"minecraft:sheep":1},"minecraft:crafted":{"minecraft:charcoal":7,"minecraft:ladder":6,"minecraft:spruce_planks":104,"minecraft:stick":16,"minecraft:wooden_axe":1,"minecraft:stone_sword":1,"minecraft:furnace":1,"minecraft:mangrove_planks":4,"minecraft:stone_axe":1,"minecraft:air":0},"minecraft:killed_by":{"minecraft:skeleton":1},"minecraft:used":{"minecraft:wooden_axe":59,"minecraft:stone_sword":39,"minecraft:iron_pickaxe":73,"minecraft:ladder":7,"minecraft:spruce_planks":12,"minecraft:stone_axe":3,"minecraft:glow_berries":12,"minecraft:crafting_table":2,"minecraft:furnace":2,"minecraft:spruce_fence":1,"minecraft:stripped_spruce_log":1},"minecraft:mined":{"minecraft:oak_slab":1,"minecraft:furnace":1,"minecraft:blackstone":72,"minecraft:mangrove_roots":90,"minecraft:stripped_spruce_log":54,"minecraft:crafting_table":3,"minecraft:ladder":3,"minecraft:spruce_fence":1,"minecraft:cobweb":22,"minecraft:mangrove_log":44},"minecraft:picked_up":{"minecraft:oak_slab":1,"minecraft:charcoal":12,"minecraft:stick":14,"minecraft:crafting_table":3,"minecraft:ladder":3,"minecraft:spruce_fence":1,"minecraft:stripped_spruce_log":62,"minecraft:moss_carpet":22,"minecraft:string":20,"bhc:red_heart":1,"minecraft:blackstone":72,"minecraft:mangrove_roots":90,"minecraft:mutton":1,"minecraft:glow_berries":2,"minecraft:mangrove_propagule":6,"minecraft:mangrove_log":44,"minecraft:white_wool":1,"minecraft:furnace":1}},"DataVersion":3465}