{"stats":{"minecraft:broken":{"minecraft:stone_axe":1,"minecraft:wooden_axe":1},"minecraft:custom":{"enigmaticlegacy:play_time_with_seven_curses":0,"minecraft:interact_with_furnace":17,"minecraft:mob_kills":16,"enigmaticlegacy:play_time_without_seven_curses":57419,"minecraft:interact_with_crafting_table":20,"minecraft:open_barrel":4,"minecraft:leave_game":1,"minecraft:time_since_death":1931,"minecraft:sleep_in_bed":3,"minecraft:climb_one_cm":10222,"minecraft:time_since_rest":1464,"minecraft:sprint_one_cm":52654,"minecraft:damage_taken":1737,"minecraft:walk_one_cm":105584,"minecraft:drop":6,"minecraft:damage_dealt":2810,"minecraft:swim_one_cm":6046,"minecraft:talked_to_villager":1,"minecraft:fly_one_cm":54259,"minecraft:open_chest":21,"minecraft:crouch_one_cm":12073,"minecraft:play_time":57518,"tombstone:undead_killed":10,"minecraft:deaths":3,"minecraft:sneak_time":3068,"minecraft:walk_under_water_one_cm":2831,"minecraft:jump":439,"minecraft:walk_on_water_one_cm":7006,"minecraft:total_world_time":57518,"minecraft:fall_one_cm":12039},"minecraft:killed":{"minecraft:pig":4,"minecraft:sheep":1,"minecraft:skeleton":4,"minecraft:zombie":6,"minecraft:cow":1},"minecraft:crafted":{"minecraft:oak_planks":4,"minecraft:diamond_sword":1,"minecraft:diamond_axe":1,"minecraft:spruce_planks":816,"farmersdelight:flint_knife":1,"minecraft:furnace":1,"minecraft:mangrove_planks":4,"minecraft:diamond_shovel":1,"minecraft:stone_axe":2,"minecraft:air":0,"farmersdelight:cutting_board":1,"minecraft:diamond_pickaxe":1,"minecraft:charcoal":32,"minecraft:ladder":6,"minecraft:stick":88,"minecraft:wooden_axe":1,"minecraft:stone_sword":1,"minecraft:chest":2,"farmersdelight:cooked_bacon":16,"minecraft:dark_oak_planks":12,"minecraft:torch":112,"minecraft:diamond_chestplate":1},"minecraft:killed_by":{"minecraft:skeleton":1,"minecraft:zombie":1},"minecraft:dropped":{"minecraft:mangrove_propagule":6,"minecraft:rotten_flesh":2,"minecraft:mangrove_planks":1,"tombstone:grave_dust":1,"minecraft:blue_orchid":1,"minecraft:smooth_basalt":4},"minecraft:used":{"minecraft:moss_carpet":3,"minecraft:stone_sword":70,"cardiac:life_bottle":1,"minecraft:spruce_slab":1,"minecraft:oak_planks":10,"minecraft:ladder":7,"minecraft:chest":2,"minecraft:spruce_planks":292,"minecraft:diamond_axe":3,"minecraft:green_bed":3,"minecraft:torch":9,"minecraft:white_wool":1,"minecraft:glow_berries":21,"farmersdelight:flint_knife":1,"minecraft:oak_slab":1,"minecraft:crafting_table":4,"minecraft:spruce_fence":1,"minecraft:stripped_spruce_log":1,"minecraft:dark_oak_planks":12,"minecraft:wooden_axe":59,"minecraft:diamond_pickaxe":1,"minecraft:bricks":1,"minecraft:iron_pickaxe":85,"minecraft:dark_oak_wood":2,"minecraft:gravel":9,"minecraft:stone_axe":161,"minecraft:diamond_sword":11,"farmersdelight:cooked_bacon":11,"farmersdelight:cutting_board":1,"minecraft:furnace":4,"tombstone:gift":1},"minecraft:mined":{"minecraft:oak_slab":1,"minecraft:spruce_planks":12,"minecraft:blackstone":72,"minecraft:mangrove_roots":90,"minecraft:crafting_table":5,"minecraft:ladder":3,"minecraft:dark_oak_wood":6,"minecraft:oak_wood":1,"minecraft:spruce_fence":1,"minecraft:jungle_planks":6,"thermal:deepslate_nickel_ore":4,"minecraft:oak_planks":12,"minecraft:sugar_cane":5,"minecraft:bricks":1,"minecraft:furnace":4,"minecraft:spruce_log":128,"minecraft:stripped_spruce_log":54,"minecraft:pumpkin":14,"minecraft:gravel":64,"minecraft:cobweb":22,"minecraft:mangrove_log":44,"minecraft:spruce_wood":50,"minecraft:smooth_basalt":4,"minecraft:blue_orchid":1,"minecraft:spruce_slab":1,"minecraft:green_bed":3},"minecraft:picked_up":{"minecraft:charcoal":44,"minecraft:crafting_table":5,"minecraft:ladder":3,"farmersdelight:bacon":16,"minecraft:flint":4,"farmersdelight:cutting_board":1,"minecraft:string":20,"minecraft:moss_carpet":27,"minecraft:bone":2,"farmersdelight:mutton_chops":2,"thermal:raw_nickel":4,"bhc:red_heart":1,"minecraft:blackstone":72,"farmersdelight:pumpkin_slice":56,"minecraft:spruce_planks":12,"minecraft:spruce_wood":50,"minecraft:beef":1,"minecraft:spruce_slab":1,"minecraft:sugar_cane":5,"minecraft:oak_planks":11,"minecraft:mangrove_log":68,"minecraft:furnace":4,"minecraft:oak_slab":1,"minecraft:stick":14,"minecraft:smooth_basalt":4,"minecraft:pumpkin":14,"farmersdelight:minced_beef":2,"minecraft:green_bed":3,"minecraft:spruce_fence":1,"minecraft:gravel":60,"minecraft:jungle_planks":6,"minecraft:porkchop":8,"minecraft:stripped_spruce_log":62,"tombstone:grave_dust":2,"minecraft:spruce_log":128,"minecraft:oak_wood":1,"minecraft:arrow":2,"minecraft:rotten_flesh":3,"minecraft:mangrove_roots":90,"minecraft:dark_oak_wood":5,"minecraft:bricks":1,"minecraft:mangrove_propagule":6,"minecraft:glow_berries":4,"minecraft:mutton":1,"minecraft:white_wool":1}},"DataVersion":3465}