{"stats":{"minecraft:dropped":{"minecraft:rotten_flesh":2,"patchouli:guide_book":1,"minecraft:wooden_pickaxe":1,"minecraft:spruce_sapling":109},"minecraft:crafted":{"minecraft:crafting_table":3,"minecraft:spruce_planks":40,"minecraft:wooden_pickaxe":3,"minecraft:furnace":1,"minecraft:air":0,"minecraft:stick":12,"minecraft:iron_ingot":4,"minecraft:iron_pickaxe":1,"minecraft:stone_pickaxe":2,"minecraft:wooden_axe":2,"minecraft:torch":124},"minecraft:mined":{"mekanism:osmium_ore":1,"thermal:lead_ore":11,"minecraft:crafting_table":1,"minecraft:torch":2,"minecraft:grass_block":1,"mekanism:tin_ore":2,"minecraft:tall_grass":1,"minecraft:copper_ore":20,"minecraft:cobblestone":1,"minecraft:wall_torch":1,"minecraft:large_fern":1,"minecraft:iron_ore":7,"minecraft:spruce_log":10,"minecraft:andesite":105,"minecraft:stripped_spruce_log":1,"minecraft:grass":7,"minecraft:coal_ore":51,"minecraft:gravel":1,"minecraft:dirt":1,"minecraft:stone":46},"minecraft:used":{"minecraft:stone_pickaxe":128,"minecraft:wooden_pickaxe":4,"minecraft:creeper_head":1,"minecraft:torch":8,"minecraft:dirt":1,"minecraft:crafting_table":4,"minecraft:spruce_log":13,"minecraft:wooden_axe":1,"minecraft:iron_pickaxe":122,"delightful:green_tea_leaf":13,"minecraft:furnace":1,"minecraft:andesite":17,"tombstone:gift":6},"minecraft:custom":{"enigmaticlegacy:play_time_with_seven_curses":1574,"minecraft:interact_with_furnace":7,"enigmaticlegacy:play_time_without_seven_curses":55821,"minecraft:interact_with_crafting_table":20,"minecraft:leave_game":1,"minecraft:time_since_death":16290,"minecraft:climb_one_cm":1278,"minecraft:time_since_rest":14949,"minecraft:waystone_activated":2,"minecraft:sprint_one_cm":98231,"minecraft:damage_taken":1700,"minecraft:walk_one_cm":54045,"tombstone:sneak_grave":1,"minecraft:drop":5,"minecraft:damage_dealt":159,"minecraft:fly_one_cm":99778,"minecraft:open_chest":6,"minecraft:crouch_one_cm":242,"minecraft:play_time":57921,"minecraft:deaths":6,"minecraft:sneak_time":798,"minecraft:jump":468,"minecraft:walk_on_water_one_cm":41,"minecraft:total_world_time":57921,"minecraft:fall_one_cm":12919},"minecraft:killed_by":{"minecraft:creeper":1,"minecraft:zombie":1},"minecraft:broken":{"minecraft:stone_pickaxe":1,"minecraft:wooden_axe":2},"minecraft:picked_up":{"minecraft:crafting_table":1,"minecraft:andesite":108,"gobber2:gobber2_gooey_beefstew":2,"minecraft:flint":1,"minecraft:dirt":1,"minecraft:raw_copper":65,"gobber2:gobber2_gooey_beef":2,"delightful:green_tea_leaf":14,"gobber2:gobber2_gooey_bread":1,"thermal:raw_tin":4,"minecraft:stick":60,"minecraft:raw_iron":10,"patchouli:guide_book":1,"thermal:raw_lead":11,"minecraft:torch":4,"minecraft:stripped_spruce_log":1,"minecraft:spruce_sapling":109,"minecraft:spruce_log":1182,"mekanism:raw_osmium":1,"mekanism:raw_tin":6,"farmersdelight:fried_egg":1,"minecraft:rotten_flesh":2,"minecraft:coal":51,"gobber2:gobber2_goo":3,"minecraft:cobblestone":53}},"DataVersion":3465}