{"stats":{"minecraft:dropped":{"patchouli:guide_book":1},"minecraft:crafted":{"minecraft:crafting_table":1,"minecraft:spruce_planks":36,"minecraft:stick":12,"minecraft:wooden_axe":2},"minecraft:mined":{"minecraft:large_fern":1,"minecraft:spruce_log":10,"minecraft:stripped_spruce_log":1,"minecraft:grass":2,"minecraft:grass_block":1,"minecraft:dirt":1,"minecraft:tall_grass":1},"minecraft:used":{"minecraft:wooden_axe":1,"delightful:green_tea_leaf":13,"minecraft:dirt":1,"minecraft:crafting_table":1,"minecraft:spruce_log":1},"minecraft:custom":{"minecraft:time_since_rest":1,"enigmaticlegacy:play_time_with_seven_curses":1574,"minecraft:waystone_activated":1,"minecraft:sprint_one_cm":43977,"minecraft:damage_taken":790,"minecraft:walk_one_cm":15590,"tombstone:sneak_grave":1,"minecraft:drop":1,"minecraft:damage_dealt":14,"enigmaticlegacy:play_time_without_seven_curses":19898,"minecraft:interact_with_crafting_table":3,"minecraft:fly_one_cm":33032,"minecraft:open_chest":1,"minecraft:crouch_one_cm":84,"minecraft:play_time":21921,"minecraft:deaths":3,"minecraft:sneak_time":426,"minecraft:jump":162,"minecraft:leave_game":1,"minecraft:walk_on_water_one_cm":41,"minecraft:time_since_death":25,"minecraft:climb_one_cm":910,"minecraft:total_world_time":21921,"minecraft:fall_one_cm":4887},"minecraft:broken":{"minecraft:wooden_axe":2},"minecraft:picked_up":{"minecraft:stick":60,"patchouli:guide_book":1,"minecraft:stripped_spruce_log":1,"minecraft:spruce_sapling":109,"minecraft:spruce_log":1177,"minecraft:dirt":1,"delightful:green_tea_leaf":14}},"DataVersion":3465}