{"stats":{"minecraft:dropped":{"minecraft:rotten_flesh":1,"patchouli:guide_book":1,"minecraft:spruce_sapling":109},"minecraft:crafted":{"minecraft:crafting_table":2,"minecraft:spruce_planks":40,"minecraft:stick":12,"minecraft:wooden_pickaxe":1,"minecraft:stone_pickaxe":1,"minecraft:wooden_axe":2,"minecraft:torch":124},"minecraft:mined":{"minecraft:large_fern":1,"mekanism:osmium_ore":1,"minecraft:iron_ore":4,"minecraft:andesite":26,"minecraft:spruce_log":10,"minecraft:stripped_spruce_log":1,"minecraft:grass":7,"minecraft:grass_block":1,"minecraft:coal_ore":51,"minecraft:gravel":1,"minecraft:dirt":1,"minecraft:copper_ore":10,"minecraft:tall_grass":1,"minecraft:stone":28,"minecraft:wall_torch":1},"minecraft:used":{"minecraft:wooden_axe":1,"minecraft:stone_pickaxe":123,"minecraft:wooden_pickaxe":4,"minecraft:creeper_head":1,"delightful:green_tea_leaf":13,"minecraft:torch":6,"minecraft:dirt":1,"minecraft:crafting_table":2,"tombstone:gift":6,"minecraft:spruce_log":13},"minecraft:custom":{"minecraft:time_since_rest":2949,"enigmaticlegacy:play_time_with_seven_curses":1574,"minecraft:waystone_activated":2,"minecraft:sprint_one_cm":91350,"minecraft:damage_taken":1650,"minecraft:walk_one_cm":38448,"tombstone:sneak_grave":1,"minecraft:drop":3,"minecraft:damage_dealt":159,"enigmaticlegacy:play_time_without_seven_curses":43821,"minecraft:interact_with_crafting_table":6,"minecraft:fly_one_cm":97455,"minecraft:open_chest":6,"minecraft:crouch_one_cm":242,"minecraft:play_time":45921,"minecraft:deaths":6,"minecraft:sneak_time":694,"minecraft:jump":417,"minecraft:leave_game":1,"minecraft:walk_on_water_one_cm":41,"minecraft:time_since_death":4290,"minecraft:climb_one_cm":1278,"minecraft:total_world_time":45921,"minecraft:fall_one_cm":12698},"minecraft:killed_by":{"minecraft:creeper":1,"minecraft:zombie":1},"minecraft:broken":{"minecraft:wooden_axe":2},"minecraft:picked_up":{"minecraft:stick":60,"minecraft:raw_iron":4,"minecraft:andesite":28,"patchouli:guide_book":1,"minecraft:torch":1,"minecraft:flint":1,"minecraft:stripped_spruce_log":1,"minecraft:spruce_sapling":109,"minecraft:spruce_log":1182,"mekanism:raw_osmium":1,"minecraft:dirt":1,"minecraft:raw_copper":31,"farmersdelight:fried_egg":1,"minecraft:rotten_flesh":2,"delightful:green_tea_leaf":14,"minecraft:coal":51,"minecraft:cobblestone":27}},"DataVersion":3465}