{"stats":{"minecraft:dropped":{"minecraft:wheat_seeds":96,"minecraft:cobblestone":176,"minecraft:glow_berries":3,"minecraft:stick":5,"minecraft:flint":3,"minecraft:dirt":20,"farmersdelight:golden_knife":1,"vampirism:altar_pillar":2,"tombstone:grave_key":1,"minecraft:fire_charge":1,"tombstone:grave_dust":6,"minecraft:red_dye":3,"minecraft:glistering_melon_slice":12,"minecraft:iron_pickaxe":1,"minecraft:string":5,"minecraft:spruce_sapling":109,"minecraft:gravel":4,"minecraft:furnace":1,"minecraft:sugar_cane":1,"minecraft:cobbled_deepslate":256,"minecraft:rotten_flesh":3,"farmersdelight:straw":1,"farlanders:ender_horn":4,"patchouli:guide_book":1,"minecraft:flint_and_steel":1,"minecraft:poppy":1,"minecraft:spruce_planks":15,"minecraft:diamond_pickaxe":1,"minecraft:andesite":247,"farmersdelight:minced_beef":10,"farmersdelight:rope":6,"minecraft:brown_bed":1,"minecraft:stone_bricks":2,"minecraft:bamboo":86,"minecraft:spruce_log":1024,"minecraft:wooden_pickaxe":1},"minecraft:crafted":{"minecraft:golden_chestplate":1,"minecraft:leather_boots":1,"minecraft:furnace":8,"alexscaves:cave_map":1,"minecraft:diamond_helmet":1,"minecraft:diamond_leggings":1,"minecraft:bow":1,"minecraft:iron_boots":1,"tombstone:grave_key":1,"minecraft:diamond_boots":1,"minecraft:stone_pickaxe":5,"minecraft:chest":3,"minecraft:golden_helmet":1,"minecraft:golden_boots":1,"minecraft:cooked_beef":9,"minecraft:red_dye":1,"minecraft:crafting_table":8,"minecraft:spruce_planks":420,"minecraft:wooden_pickaxe":6,"minecraft:iron_helmet":1,"minecraft:golden_pickaxe":1,"minecraft:copper_ingot":65,"minecraft:leather_helmet":4,"minecraft:bucket":1,"minecraft:air":0,"farmersdelight:cutting_board":1,"minecraft:spruce_trapdoor":6,"minecraft:iron_chestplate":1,"minecraft:golden_leggings":1,"minecraft:diamond_pickaxe":2,"minecraft:shield":1,"minecraft:stick":48,"minecraft:iron_ingot":116,"enigmaticlegacy:the_acknowledgment":1,"minecraft:iron_pickaxe":4,"minecraft:wooden_axe":2,"minecraft:gold_ingot":23,"minecraft:white_bed":1,"minecraft:torch":124,"minecraft:diamond_chestplate":1},"minecraft:mined":{"vampirism:dark_stone_bricks":22,"minecraft:deepslate_tiles":1,"alexscaves:spelunkery_table":1,"minecraft:tuff":49,"minecraft:spruce_planks":1,"minecraft:white_bed":1,"minecraft:deepslate_diamond_ore":4,"thermal:tin_ore":1,"minecraft:obsidian":363,"mekanism:deepslate_osmium_ore":1,"vampirism:altar_pillar":9,"minecraft:grass_block":5,"gobber2:gobber2_lucky_block":5,"minecraft:deepslate_bricks":1,"minecraft:large_fern":1,"minecraft:tall_seagrass":4,"minecraft:furnace":1,"minecraft:iron_ore":8,"minecraft:cobbled_deepslate":3,"minecraft:fire":110,"minecraft:andesite":266,"minecraft:stripped_spruce_log":1,"minecraft:brown_bed":3,"farmersdelight:rope":2,"vampirism:altar_infusion":1,"minecraft:vine":13,"minecraft:lantern":1,"minecraft:bamboo_sapling":1,"minecraft:stone":421,"minecraft:deepslate_redstone_ore":2,"mekanism:osmium_ore":1,"thermal:lead_ore":11,"minecraft:crafting_table":1,"minecraft:torch":3,"minecraft:note_block":1,"minecraft:blast_furnace":1,"farmersdelight:safety_net":1,"minecraft:chest":1,"mekanism:tin_ore":3,"minecraft:copper_ore":20,"minecraft:tall_grass":23,"minecraft:cobblestone":10,"vampirism:cracked_dark_stone_bricks":2,"minecraft:wall_torch":5,"minecraft:seagrass":3,"mekanism:cardboard_box":1,"vampirism:bloody_dark_stone_bricks":3,"minecraft:wheat":43,"minecraft:spruce_log":12,"minecraft:grass":38,"minecraft:coal_ore":52,"minecraft:gravel":7,"minecraft:dirt":38,"villagersplus:occultist_table":3,"minecraft:stonecutter":1,"minecraft:deepslate":438,"thermal:deepslate_sulfur_ore":1,"minecraft:infested_stone":1,"minecraft:fern":6,"vampirism:altar_tip":4},"minecraft:used":{"gobber2:gobber2_goo":5,"mekanism:cardboard_box":1,"minecraft:flint_and_steel":8,"minecraft:chest":4,"gobber2:gobber2_gooey_bread":1,"minecraft:spruce_planks":67,"minecraft:creeper_head":1,"minecraft:iron_chestplate":1,"minecraft:torch":55,"minecraft:mutton":2,"minecraft:dirt":7,"minecraft:diamond_helmet":1,"minecraft:tuff":7,"minecraft:spruce_fence":2,"minecraft:obsidian":3,"minecraft:wooden_axe":1,"villagersplus:occultist_table":3,"minecraft:iron_boots":3,"minecraft:diamond_chestplate":1,"vampirism:bloody_dark_stone_bricks":3,"minecraft:item_frame":2,"minecraft:bamboo":2,"gobber2:gobber2_gooey_beef":3,"delightful:green_tea_leaf":14,"alexscaves:spelunkery_table":1,"farmersdelight:cutting_board":1,"minecraft:beef":1,"vampirism:cracked_dark_stone_bricks":2,"minecraft:furnace":8,"farmersdelight:safety_net":1,"tombstone:gift":6,"minecraft:egg":1,"minecraft:cooked_beef":2,"minecraft:pumpkin":1,"minecraft:cobbled_deepslate":6,"minecraft:brown_bed":2,"minecraft:golden_axe":45,"minecraft:iron_leggings":1,"minecraft:wheat_seeds":43,"minecraft:water_bucket":44,"minecraft:leather_leggings":1,"minecraft:stone_pickaxe":128,"farmersdelight:golden_knife":37,"minecraft:wooden_pickaxe":4,"minecraft:stonecutter":1,"minecraft:blast_furnace":1,"minecraft:crafting_table":9,"minecraft:white_bed":2,"minecraft:spruce_log":13,"minecraft:deepslate_tiles":1,"minecraft:diamond_pickaxe":1109,"minecraft:apple":5,"minecraft:chicken":1,"minecraft:bread":6,"minecraft:iron_pickaxe":755,"minecraft:spruce_trapdoor":6,"tombstone:grave_key":1,"vampirism:dark_stone_bricks":22,"minecraft:cobblestone":5,"minecraft:andesite":18,"minecraft:bucket":45},"minecraft:custom":{"enigmaticlegacy:play_time_with_seven_curses":1574,"minecraft:mob_kills":25,"minecraft:animals_bred":19,"minecraft:interact_with_crafting_table":67,"minecraft:open_barrel":17,"minecraft:damage_dealt_resisted":35,"minecraft:leave_game":4,"minecraft:time_since_death":2935,"minecraft:climb_one_cm":36349,"minecraft:sprint_one_cm":496502,"minecraft:walk_one_cm":331936,"minecraft:drop":146,"vampirism:interact_with_totem":1,"minecraft:play_noteblock":1,"minecraft:talked_to_villager":1,"minecraft:play_time":304226,"minecraft:deaths":31,"minecraft:sneak_time":9386,"minecraft:walk_under_water_one_cm":26987,"minecraft:jump":3307,"minecraft:interact_with_blast_furnace":12,"minecraft:walk_on_water_one_cm":21153,"minecraft:total_world_time":304226,"minecraft:interact_with_furnace":31,"enigmaticlegacy:play_time_without_seven_curses":301395,"minecraft:interact_with_loom":5,"minecraft:interact_with_stonecutter":2,"minecraft:sleep_in_bed":3,"minecraft:time_since_rest":2158,"minecraft:waystone_activated":3,"minecraft:damage_taken":9751,"tombstone:sneak_grave":1,"minecraft:damage_dealt":5862,"minecraft:swim_one_cm":34461,"minecraft:fly_one_cm":765432,"minecraft:open_chest":84,"minecraft:crouch_one_cm":8222,"tombstone:undead_killed":3,"minecraft:fall_one_cm":111231},"minecraft:killed":{"minecraft:spider":1,"minecraft:skeleton":1,"minecraft:chicken":1,"farlanders:mystic_enderminion":1,"farlanders:enderminion":1,"farlanders:looter":1,"farlanders:ender_golem":2,"minecraft:creeper":2,"farlanders:titan":1,"minecraft:sheep":5,"minecraft:zombie":2,"minecraft:cow":7},"minecraft:broken":{"minecraft:stone_pickaxe":1,"minecraft:golden_axe":1,"farmersdelight:golden_knife":1,"minecraft:diamond_pickaxe":1,"minecraft:iron_pickaxe":4,"minecraft:wooden_axe":2},"minecraft:killed_by":{"minecraft:sheep":1,"farlanders:mystic_enderminion":1,"minecraft:creeper":1,"minecraft:spider":1,"farlanders:fanmade_enderman":3,"farlanders:titan":1,"minecraft:silverfish":1,"minecraft:skeleton":3,"minecraft:zombie":6,"minecraft:cow":1},"minecraft:picked_up":{"minecraft:crafting_table":1,"minecraft:wheat":37,"minecraft:chicken":1,"minecraft:golden_pickaxe":1,"minecraft:brown_bed":4,"minecraft:gold_block":1,"minecraft:enchanted_book":1,"tombstone:grave_key":1,"enigmaticlegacy:enigmatic_eye":1,"minecraft:string":5,"minecraft:raw_copper":390,"minecraft:flint_and_steel":2,"farlanders:ender_horn":7,"minecraft:item_frame":2,"thermal:sulfur":39,"minecraft:deepslate_tiles":1,"minecraft:cobbled_deepslate":455,"minecraft:spruce_planks":15,"minecraft:beef":14,"minecraft:red_dye":2,"farmersdelight:straw":1,"thermal:niter":31,"minecraft:iron_nugget":24,"minecraft:poppy":1,"minecraft:iron_pickaxe":1,"minecraft:sugar_cane":1,"delightful:green_tea_leaf":14,"minecraft:chest":2,"farmersdelight:golden_knife":2,"minecraft:furnace":1,"minecraft:egg":1,"minecraft:stick":60,"minecraft:raw_iron":84,"farmersdelight:minced_beef":10,"minecraft:torch":511,"thermal:raw_lead":15,"minecraft:spruce_fence":2,"minecraft:fire_charge":1,"minecraft:golden_axe":1,"tombstone:grave_dust":3,"minecraft:redstone":67,"cardiac:life_bottle":1,"mekanism:raw_tin":57,"gobber2:gobber2_foo":1,"farmersdelight:fried_egg":1,"minecraft:rotten_flesh":3,"villagersplus:occultist_table":3,"alexscaves:spelunkery_table":1,"minecraft:iron_block":3,"farmersdelight:rope":6,"minecraft:glistering_melon_slice":12,"minecraft:glow_berries":2,"minecraft:obsidian":370,"minecraft:mutton":6,"minecraft:white_wool":3,"minecraft:cobblestone":437,"minecraft:feather":1,"delightful:animal_fat":2,"minecraft:andesite":265,"gobber2:gobber2_gooey_beefstew":3,"minecraft:leather":6,"farmersdelight:safety_net":1,"minecraft:flint":2,"minecraft:tuff":49,"minecraft:gunpowder":2,"minecraft:lantern":1,"minecraft:lapis_lazuli":28,"minecraft:dirt":43,"biomancy:mob_sinew":6,"minecraft:wheat_seeds":139,"minecraft:stone_bricks":2,"minecraft:stonecutter":1,"gobber2:gobber2_gooey_beef":4,"vampirism:altar_pillar":9,"minecraft:raw_gold":24,"minecraft:iron_ingot":12,"vampirism:cracked_dark_stone_bricks":2,"vampirism:bloody_dark_stone_bricks":3,"gobber2:gobber2_globette":8,"minecraft:bamboo":66,"gobber2:gobber2_gooey_bread":1,"rustic_engineer:raw_solarite_ore":1,"thermal:raw_tin":28,"patchouli:guide_book":1,"vampirism:crucifix_normal":1,"minecraft:gravel":4,"minecraft:stripped_spruce_log":1,"minecraft:spruce_sapling":109,"minecraft:blast_furnace":1,"minecraft:white_bed":1,"vampirism:altar_infusion":1,"minecraft:spruce_log":1200,"minecraft:crying_obsidian":14,"mekanism:raw_osmium":17,"minecraft:diamond":48,"vampirism:altar_tip":3,"vampirism:dark_stone_bricks":21,"gobber2:gobber2_goo":5,"minecraft:coal":396,"minecraft:ender_pearl":1,"minecraft:diamond_pickaxe":1}},"DataVersion":3465}