{"stats":{"minecraft:dropped":{"minecraft:gravel":4,"minecraft:cobbled_deepslate":256,"minecraft:glow_berries":1,"minecraft:rotten_flesh":3,"patchouli:guide_book":1,"minecraft:stick":1,"tombstone:grave_key":1,"minecraft:diamond_pickaxe":1,"minecraft:andesite":247,"tombstone:grave_dust":6,"farmersdelight:rope":2,"minecraft:spruce_log":1024,"minecraft:wooden_pickaxe":1,"minecraft:spruce_sapling":109},"minecraft:crafted":{"minecraft:crafting_table":6,"minecraft:spruce_planks":164,"minecraft:wooden_pickaxe":6,"minecraft:furnace":5,"minecraft:golden_pickaxe":1,"minecraft:copper_ingot":65,"minecraft:air":0,"tombstone:grave_key":1,"minecraft:bow":1,"minecraft:diamond_pickaxe":1,"minecraft:stick":12,"minecraft:chest":3,"minecraft:iron_ingot":21,"minecraft:iron_pickaxe":4,"minecraft:stone_pickaxe":5,"minecraft:wooden_axe":2,"minecraft:gold_ingot":4,"minecraft:torch":124},"minecraft:mined":{"minecraft:deepslate_redstone_ore":2,"alexscaves:spelunkery_table":1,"minecraft:tuff":49,"minecraft:spruce_planks":1,"mekanism:osmium_ore":1,"minecraft:deepslate_diamond_ore":4,"thermal:tin_ore":1,"thermal:lead_ore":11,"minecraft:crafting_table":1,"minecraft:torch":3,"minecraft:grass_block":1,"gobber2:gobber2_lucky_block":5,"mekanism:tin_ore":2,"minecraft:tall_grass":1,"minecraft:copper_ore":20,"minecraft:cobblestone":7,"minecraft:wall_torch":5,"minecraft:large_fern":1,"minecraft:furnace":1,"minecraft:cobbled_deepslate":1,"minecraft:iron_ore":7,"minecraft:fire":8,"minecraft:spruce_log":12,"minecraft:andesite":266,"minecraft:stripped_spruce_log":1,"minecraft:brown_bed":2,"minecraft:grass":7,"farmersdelight:rope":2,"minecraft:coal_ore":52,"minecraft:vine":11,"minecraft:gravel":5,"minecraft:dirt":14,"minecraft:stone":226,"minecraft:infested_stone":1,"minecraft:deepslate":418},"minecraft:used":{"gobber2:gobber2_goo":3,"minecraft:stone_pickaxe":128,"gobber2:gobber2_gooey_bread":1,"minecraft:chest":3,"minecraft:wooden_pickaxe":4,"minecraft:creeper_head":1,"minecraft:torch":39,"minecraft:dirt":3,"minecraft:crafting_table":7,"minecraft:tuff":7,"minecraft:spruce_fence":2,"minecraft:spruce_log":13,"minecraft:wooden_axe":1,"minecraft:diamond_pickaxe":382,"minecraft:apple":1,"minecraft:iron_pickaxe":662,"tombstone:grave_key":1,"delightful:green_tea_leaf":13,"minecraft:furnace":6,"minecraft:andesite":18,"tombstone:gift":6,"minecraft:cobbled_deepslate":6,"minecraft:brown_bed":2},"minecraft:custom":{"enigmaticlegacy:play_time_with_seven_curses":1574,"minecraft:interact_with_furnace":28,"minecraft:mob_kills":5,"enigmaticlegacy:play_time_without_seven_curses":127515,"minecraft:interact_with_crafting_table":31,"minecraft:open_barrel":1,"minecraft:leave_game":1,"minecraft:time_since_death":13755,"minecraft:sleep_in_bed":1,"minecraft:climb_one_cm":8728,"minecraft:time_since_rest":2943,"minecraft:waystone_activated":2,"minecraft:sprint_one_cm":211236,"minecraft:damage_taken":4805,"minecraft:walk_one_cm":148233,"tombstone:sneak_grave":1,"minecraft:drop":26,"minecraft:damage_dealt":1162,"minecraft:fly_one_cm":210915,"minecraft:open_chest":10,"minecraft:crouch_one_cm":5220,"tombstone:undead_killed":3,"minecraft:play_time":129921,"minecraft:deaths":16,"minecraft:sneak_time":5840,"minecraft:walk_under_water_one_cm":551,"minecraft:jump":1145,"minecraft:interact_with_blast_furnace":5,"minecraft:walk_on_water_one_cm":1560,"minecraft:total_world_time":129921,"minecraft:fall_one_cm":29753},"minecraft:killed":{"farlanders:looter":1,"minecraft:spider":1,"minecraft:skeleton":1,"minecraft:zombie":2},"minecraft:killed_by":{"minecraft:silverfish":1,"minecraft:creeper":1,"minecraft:zombie":3,"farlanders:fanmade_enderman":3},"minecraft:broken":{"minecraft:stone_pickaxe":1,"minecraft:iron_pickaxe":3,"minecraft:wooden_axe":2},"minecraft:picked_up":{"minecraft:crafting_table":1,"minecraft:andesite":265,"gobber2:gobber2_gooey_beefstew":3,"minecraft:brown_bed":3,"minecraft:flint":1,"minecraft:tuff":49,"tombstone:grave_key":1,"minecraft:lapis_lazuli":28,"minecraft:string":5,"minecraft:dirt":13,"minecraft:raw_copper":317,"gobber2:gobber2_gooey_beef":3,"minecraft:cobbled_deepslate":434,"minecraft:raw_gold":14,"minecraft:iron_ingot":1,"thermal:niter":31,"gobber2:gobber2_globette":7,"delightful:green_tea_leaf":14,"gobber2:gobber2_gooey_bread":1,"minecraft:furnace":1,"rustic_engineer:raw_solarite_ore":1,"thermal:raw_tin":28,"minecraft:stick":60,"minecraft:raw_iron":40,"patchouli:guide_book":1,"thermal:raw_lead":11,"minecraft:torch":324,"minecraft:gravel":4,"minecraft:spruce_fence":2,"tombstone:grave_dust":3,"minecraft:stripped_spruce_log":1,"minecraft:spruce_sapling":109,"minecraft:spruce_log":1184,"minecraft:redstone":67,"mekanism:raw_osmium":8,"mekanism:raw_tin":41,"gobber2:gobber2_foo":1,"farmersdelight:fried_egg":1,"minecraft:rotten_flesh":3,"minecraft:diamond":48,"alexscaves:spelunkery_table":1,"farmersdelight:rope":2,"minecraft:coal":344,"gobber2:gobber2_goo":5,"minecraft:ender_pearl":1,"minecraft:cobblestone":230,"minecraft:diamond_pickaxe":1}},"DataVersion":3465}