{"stats":{"minecraft:dropped":{"minecraft:gravel":1,"minecraft:cobbled_deepslate":256,"minecraft:rotten_flesh":3,"patchouli:guide_book":1,"minecraft:stick":1,"tombstone:grave_key":1,"minecraft:diamond_pickaxe":1,"minecraft:andesite":210,"minecraft:spruce_log":1024,"minecraft:wooden_pickaxe":1,"minecraft:spruce_sapling":109},"minecraft:crafted":{"minecraft:crafting_table":5,"minecraft:spruce_planks":164,"minecraft:wooden_pickaxe":6,"minecraft:furnace":5,"minecraft:golden_pickaxe":1,"minecraft:copper_ingot":65,"minecraft:air":0,"minecraft:diamond_pickaxe":1,"minecraft:stick":12,"minecraft:iron_ingot":21,"minecraft:iron_pickaxe":4,"minecraft:stone_pickaxe":5,"minecraft:wooden_axe":2,"minecraft:gold_ingot":4,"minecraft:torch":124},"minecraft:mined":{"minecraft:deepslate_redstone_ore":2,"minecraft:tuff":49,"minecraft:spruce_planks":1,"mekanism:osmium_ore":1,"minecraft:deepslate_diamond_ore":4,"thermal:lead_ore":11,"minecraft:crafting_table":1,"minecraft:torch":3,"minecraft:grass_block":1,"gobber2:gobber2_lucky_block":5,"mekanism:tin_ore":2,"minecraft:tall_grass":1,"minecraft:copper_ore":20,"minecraft:cobblestone":1,"minecraft:wall_torch":5,"minecraft:large_fern":1,"minecraft:furnace":1,"minecraft:iron_ore":7,"minecraft:fire":2,"minecraft:spruce_log":10,"minecraft:andesite":225,"minecraft:stripped_spruce_log":1,"minecraft:grass":7,"farmersdelight:rope":2,"minecraft:coal_ore":52,"minecraft:gravel":2,"minecraft:dirt":1,"minecraft:stone":138,"minecraft:deepslate":418},"minecraft:used":{"gobber2:gobber2_goo":3,"minecraft:stone_pickaxe":128,"gobber2:gobber2_gooey_bread":1,"minecraft:wooden_pickaxe":4,"minecraft:creeper_head":1,"minecraft:torch":26,"minecraft:dirt":1,"minecraft:crafting_table":6,"minecraft:tuff":7,"minecraft:spruce_fence":2,"minecraft:spruce_log":13,"minecraft:wooden_axe":1,"minecraft:diamond_pickaxe":202,"minecraft:apple":1,"minecraft:iron_pickaxe":662,"delightful:green_tea_leaf":13,"minecraft:furnace":6,"minecraft:andesite":18,"tombstone:gift":6},"minecraft:custom":{"enigmaticlegacy:play_time_with_seven_curses":1574,"minecraft:interact_with_furnace":28,"minecraft:mob_kills":2,"enigmaticlegacy:play_time_without_seven_curses":103631,"minecraft:interact_with_crafting_table":28,"minecraft:leave_game":1,"minecraft:time_since_death":2901,"minecraft:climb_one_cm":3528,"minecraft:time_since_rest":1961,"minecraft:waystone_activated":2,"minecraft:sprint_one_cm":188254,"minecraft:damage_taken":3615,"minecraft:walk_one_cm":111085,"tombstone:sneak_grave":1,"minecraft:drop":17,"minecraft:damage_dealt":442,"minecraft:fly_one_cm":195624,"minecraft:open_chest":6,"minecraft:crouch_one_cm":1036,"tombstone:undead_killed":2,"minecraft:play_time":105921,"minecraft:deaths":12,"minecraft:sneak_time":2610,"minecraft:walk_under_water_one_cm":551,"minecraft:jump":950,"minecraft:walk_on_water_one_cm":1560,"minecraft:total_world_time":105921,"minecraft:fall_one_cm":26476},"minecraft:killed":{"minecraft:zombie":2},"minecraft:killed_by":{"minecraft:creeper":1,"minecraft:zombie":3},"minecraft:broken":{"minecraft:stone_pickaxe":1,"minecraft:iron_pickaxe":3,"minecraft:wooden_axe":2},"minecraft:picked_up":{"minecraft:crafting_table":1,"minecraft:andesite":228,"gobber2:gobber2_gooey_beefstew":3,"minecraft:flint":1,"minecraft:tuff":49,"tombstone:grave_key":1,"minecraft:dirt":1,"minecraft:raw_copper":169,"gobber2:gobber2_gooey_beef":3,"minecraft:cobbled_deepslate":433,"minecraft:raw_gold":14,"minecraft:iron_ingot":1,"gobber2:gobber2_globette":7,"delightful:green_tea_leaf":14,"gobber2:gobber2_gooey_bread":1,"minecraft:furnace":1,"rustic_engineer:raw_solarite_ore":1,"thermal:raw_tin":4,"minecraft:stick":60,"minecraft:raw_iron":40,"patchouli:guide_book":1,"thermal:raw_lead":11,"minecraft:torch":5,"minecraft:gravel":1,"minecraft:spruce_fence":2,"minecraft:stripped_spruce_log":1,"minecraft:spruce_sapling":109,"minecraft:spruce_log":1182,"minecraft:redstone":67,"mekanism:raw_osmium":1,"mekanism:raw_tin":19,"gobber2:gobber2_foo":1,"farmersdelight:fried_egg":1,"minecraft:rotten_flesh":3,"minecraft:diamond":48,"farmersdelight:rope":1,"minecraft:coal":285,"gobber2:gobber2_goo":5,"minecraft:cobblestone":144,"minecraft:diamond_pickaxe":1}},"DataVersion":3465}