{"stats":{"minecraft:dropped":{"patchouli:guide_book":1},"minecraft:crafted":{"minecraft:crafting_table":2,"minecraft:spruce_planks":40,"minecraft:stick":12,"minecraft:wooden_pickaxe":1,"minecraft:wooden_axe":2},"minecraft:mined":{"minecraft:large_fern":1,"minecraft:spruce_log":10,"minecraft:stripped_spruce_log":1,"minecraft:grass":2,"minecraft:grass_block":1,"minecraft:coal_ore":1,"minecraft:dirt":1,"minecraft:tall_grass":1,"minecraft:stone":3},"minecraft:used":{"minecraft:wooden_axe":1,"minecraft:wooden_pickaxe":4,"minecraft:creeper_head":1,"delightful:green_tea_leaf":13,"minecraft:dirt":1,"minecraft:crafting_table":2,"tombstone:gift":6,"minecraft:spruce_log":13},"minecraft:custom":{"minecraft:time_since_rest":10525,"enigmaticlegacy:play_time_with_seven_curses":1574,"minecraft:waystone_activated":2,"minecraft:sprint_one_cm":54689,"minecraft:damage_taken":1345,"minecraft:walk_one_cm":20941,"tombstone:sneak_grave":1,"minecraft:drop":1,"minecraft:damage_dealt":16,"enigmaticlegacy:play_time_without_seven_curses":31870,"minecraft:interact_with_crafting_table":5,"minecraft:fly_one_cm":50215,"minecraft:open_chest":6,"minecraft:crouch_one_cm":213,"minecraft:play_time":33921,"minecraft:deaths":4,"minecraft:sneak_time":635,"minecraft:jump":268,"minecraft:leave_game":1,"minecraft:walk_on_water_one_cm":41,"minecraft:time_since_death":11278,"minecraft:climb_one_cm":1278,"minecraft:total_world_time":33921,"minecraft:fall_one_cm":8177},"minecraft:broken":{"minecraft:wooden_axe":2},"minecraft:picked_up":{"minecraft:stick":60,"patchouli:guide_book":1,"minecraft:stripped_spruce_log":1,"minecraft:spruce_sapling":109,"minecraft:spruce_log":1182,"minecraft:dirt":1,"farmersdelight:fried_egg":1,"delightful:green_tea_leaf":14,"minecraft:coal":1,"minecraft:cobblestone":3}},"DataVersion":3465}