{"stats":{"minecraft:dropped":{"minecraft:wheat_seeds":36,"minecraft:glow_berries":1,"minecraft:stick":5,"minecraft:flint":3,"minecraft:dirt":20,"vampirism:altar_pillar":2,"tombstone:grave_key":1,"minecraft:fire_charge":1,"tombstone:grave_dust":6,"minecraft:iron_pickaxe":1,"minecraft:spruce_sapling":109,"minecraft:gravel":4,"minecraft:cobbled_deepslate":256,"minecraft:rotten_flesh":3,"farlanders:ender_horn":4,"patchouli:guide_book":1,"minecraft:diamond_pickaxe":1,"minecraft:andesite":247,"farmersdelight:rope":6,"minecraft:bamboo":86,"minecraft:spruce_log":1024,"minecraft:wooden_pickaxe":1},"minecraft:crafted":{"minecraft:furnace":5,"alexscaves:cave_map":1,"minecraft:bow":1,"tombstone:grave_key":1,"minecraft:stone_pickaxe":5,"minecraft:chest":3,"minecraft:crafting_table":8,"minecraft:spruce_planks":420,"minecraft:wooden_pickaxe":6,"minecraft:iron_helmet":1,"minecraft:golden_pickaxe":1,"minecraft:copper_ingot":65,"minecraft:leather_helmet":4,"minecraft:bucket":1,"minecraft:air":0,"minecraft:diamond_pickaxe":2,"minecraft:shield":1,"minecraft:stick":48,"enigmaticlegacy:the_acknowledgment":1,"minecraft:iron_ingot":44,"minecraft:iron_pickaxe":4,"minecraft:wooden_axe":2,"minecraft:gold_ingot":4,"minecraft:torch":124},"minecraft:mined":{"vampirism:dark_stone_bricks":2,"alexscaves:spelunkery_table":1,"minecraft:tuff":49,"minecraft:spruce_planks":1,"minecraft:deepslate_diamond_ore":4,"thermal:tin_ore":1,"minecraft:obsidian":363,"mekanism:deepslate_osmium_ore":1,"vampirism:altar_pillar":2,"minecraft:grass_block":1,"gobber2:gobber2_lucky_block":5,"minecraft:deepslate_bricks":1,"minecraft:large_fern":1,"minecraft:furnace":1,"minecraft:iron_ore":8,"minecraft:fire":95,"minecraft:cobbled_deepslate":3,"minecraft:andesite":266,"minecraft:stripped_spruce_log":1,"minecraft:brown_bed":2,"farmersdelight:rope":2,"minecraft:vine":13,"minecraft:lantern":1,"minecraft:bamboo_sapling":1,"minecraft:stone":367,"minecraft:deepslate_redstone_ore":2,"mekanism:osmium_ore":1,"thermal:lead_ore":11,"minecraft:crafting_table":1,"minecraft:torch":3,"minecraft:blast_furnace":1,"minecraft:chest":1,"mekanism:tin_ore":3,"minecraft:copper_ore":20,"minecraft:tall_grass":7,"minecraft:cobblestone":10,"minecraft:wall_torch":5,"minecraft:wheat":27,"minecraft:spruce_log":12,"minecraft:grass":19,"minecraft:coal_ore":52,"minecraft:gravel":5,"minecraft:dirt":26,"minecraft:stonecutter":1,"minecraft:fern":5,"minecraft:deepslate":438,"thermal:deepslate_sulfur_ore":1,"minecraft:infested_stone":1,"vampirism:altar_tip":1},"minecraft:used":{"gobber2:gobber2_goo":5,"minecraft:flint_and_steel":1,"minecraft:spruce_planks":67,"gobber2:gobber2_gooey_bread":1,"minecraft:chest":3,"minecraft:creeper_head":1,"minecraft:torch":55,"minecraft:mutton":1,"minecraft:dirt":7,"minecraft:tuff":7,"minecraft:spruce_fence":2,"minecraft:obsidian":3,"minecraft:wooden_axe":1,"minecraft:bamboo":2,"delightful:green_tea_leaf":13,"alexscaves:spelunkery_table":1,"gobber2:gobber2_gooey_beef":3,"minecraft:furnace":6,"tombstone:gift":6,"minecraft:cobbled_deepslate":6,"minecraft:brown_bed":2,"minecraft:wheat_seeds":27,"minecraft:water_bucket":44,"minecraft:stone_pickaxe":128,"minecraft:wooden_pickaxe":4,"minecraft:stonecutter":1,"minecraft:crafting_table":9,"minecraft:blast_furnace":1,"minecraft:spruce_log":13,"minecraft:diamond_pickaxe":986,"minecraft:apple":1,"minecraft:iron_pickaxe":755,"tombstone:grave_key":1,"vampirism:dark_stone_bricks":2,"minecraft:cobblestone":4,"minecraft:bucket":45,"minecraft:andesite":18},"minecraft:custom":{"enigmaticlegacy:play_time_with_seven_curses":1574,"minecraft:mob_kills":15,"minecraft:animals_bred":13,"minecraft:interact_with_crafting_table":47,"minecraft:open_barrel":9,"minecraft:damage_dealt_resisted":35,"minecraft:leave_game":1,"minecraft:time_since_death":6564,"minecraft:climb_one_cm":18734,"minecraft:sprint_one_cm":329081,"minecraft:walk_one_cm":250714,"minecraft:drop":92,"minecraft:talked_to_villager":1,"minecraft:play_time":225921,"minecraft:deaths":27,"minecraft:sneak_time":9138,"minecraft:walk_under_water_one_cm":23299,"minecraft:jump":1873,"minecraft:interact_with_blast_furnace":9,"minecraft:walk_on_water_one_cm":15557,"minecraft:total_world_time":225921,"minecraft:interact_with_furnace":28,"enigmaticlegacy:play_time_without_seven_curses":223204,"minecraft:interact_with_loom":5,"minecraft:interact_with_stonecutter":1,"minecraft:sleep_in_bed":1,"minecraft:time_since_rest":6028,"minecraft:waystone_activated":2,"minecraft:damage_taken":8022,"tombstone:sneak_grave":1,"minecraft:damage_dealt":4763,"minecraft:swim_one_cm":2391,"minecraft:fly_one_cm":411227,"minecraft:open_chest":39,"minecraft:crouch_one_cm":7687,"tombstone:undead_killed":3,"minecraft:fall_one_cm":59037},"minecraft:killed":{"minecraft:spider":1,"minecraft:skeleton":1,"farlanders:looter":1,"farlanders:ender_golem":2,"minecraft:creeper":2,"farlanders:titan":1,"minecraft:zombie":2,"minecraft:cow":5},"minecraft:broken":{"minecraft:stone_pickaxe":1,"minecraft:diamond_pickaxe":1,"minecraft:iron_pickaxe":4,"minecraft:wooden_axe":2},"minecraft:killed_by":{"minecraft:creeper":1,"minecraft:spider":1,"farlanders:fanmade_enderman":3,"farlanders:titan":1,"minecraft:silverfish":1,"minecraft:skeleton":3,"minecraft:zombie":5,"minecraft:cow":1},"minecraft:picked_up":{"minecraft:crafting_table":1,"minecraft:wheat":24,"minecraft:golden_pickaxe":1,"minecraft:brown_bed":3,"tombstone:grave_key":1,"enigmaticlegacy:enigmatic_eye":1,"minecraft:string":5,"minecraft:raw_copper":390,"minecraft:flint_and_steel":1,"farlanders:ender_horn":7,"thermal:sulfur":39,"minecraft:cobbled_deepslate":455,"minecraft:beef":10,"thermal:niter":31,"minecraft:iron_nugget":24,"minecraft:iron_pickaxe":1,"minecraft:chest":1,"delightful:green_tea_leaf":14,"farmersdelight:golden_knife":1,"minecraft:furnace":1,"minecraft:raw_iron":84,"minecraft:stick":60,"minecraft:torch":511,"thermal:raw_lead":15,"minecraft:spruce_fence":2,"minecraft:fire_charge":1,"minecraft:golden_axe":1,"tombstone:grave_dust":3,"minecraft:redstone":67,"cardiac:life_bottle":1,"mekanism:raw_tin":57,"gobber2:gobber2_foo":1,"farmersdelight:fried_egg":1,"minecraft:rotten_flesh":3,"alexscaves:spelunkery_table":1,"minecraft:iron_block":2,"farmersdelight:rope":6,"minecraft:glistering_melon_slice":12,"minecraft:mutton":1,"minecraft:obsidian":370,"minecraft:cobblestone":385,"minecraft:andesite":265,"minecraft:leather":5,"gobber2:gobber2_gooey_beefstew":3,"minecraft:flint":2,"minecraft:tuff":49,"minecraft:gunpowder":2,"minecraft:lapis_lazuli":28,"minecraft:dirt":27,"minecraft:lantern":1,"vampirism:altar_pillar":2,"minecraft:stonecutter":1,"gobber2:gobber2_gooey_beef":4,"minecraft:wheat_seeds":63,"minecraft:raw_gold":24,"minecraft:iron_ingot":1,"gobber2:gobber2_globette":8,"minecraft:bamboo":66,"gobber2:gobber2_gooey_bread":1,"rustic_engineer:raw_solarite_ore":1,"thermal:raw_tin":28,"patchouli:guide_book":1,"minecraft:gravel":4,"minecraft:stripped_spruce_log":1,"minecraft:spruce_sapling":109,"minecraft:blast_furnace":1,"minecraft:spruce_log":1200,"minecraft:crying_obsidian":14,"mekanism:raw_osmium":17,"minecraft:diamond":48,"vampirism:altar_tip":1,"vampirism:dark_stone_bricks":2,"gobber2:gobber2_goo":5,"minecraft:coal":396,"minecraft:diamond_pickaxe":1,"minecraft:ender_pearl":1}},"DataVersion":3465}