{"stats":{"minecraft:dropped":{"minecraft:glow_berries":1,"minecraft:stick":1,"tombstone:grave_key":1,"tombstone:grave_dust":6,"minecraft:spruce_sapling":109,"minecraft:gravel":4,"minecraft:cobbled_deepslate":256,"minecraft:rotten_flesh":3,"patchouli:guide_book":1,"minecraft:diamond_pickaxe":1,"minecraft:andesite":247,"farmersdelight:rope":2,"minecraft:spruce_log":1024,"minecraft:wooden_pickaxe":1},"minecraft:crafted":{"minecraft:furnace":5,"minecraft:bow":1,"tombstone:grave_key":1,"minecraft:stone_pickaxe":5,"minecraft:chest":3,"minecraft:crafting_table":7,"minecraft:spruce_planks":164,"minecraft:wooden_pickaxe":6,"minecraft:golden_pickaxe":1,"minecraft:copper_ingot":65,"minecraft:air":0,"minecraft:diamond_pickaxe":1,"minecraft:stick":16,"minecraft:iron_ingot":21,"minecraft:iron_pickaxe":4,"minecraft:wooden_axe":2,"minecraft:gold_ingot":4,"minecraft:torch":124},"minecraft:mined":{"alexscaves:spelunkery_table":1,"minecraft:tuff":49,"minecraft:spruce_planks":1,"minecraft:deepslate_diamond_ore":4,"thermal:tin_ore":1,"mekanism:deepslate_osmium_ore":1,"minecraft:grass_block":1,"gobber2:gobber2_lucky_block":5,"minecraft:large_fern":1,"minecraft:furnace":1,"minecraft:iron_ore":8,"minecraft:fire":8,"minecraft:cobbled_deepslate":2,"minecraft:andesite":266,"minecraft:stripped_spruce_log":1,"minecraft:brown_bed":2,"farmersdelight:rope":2,"minecraft:vine":13,"minecraft:lantern":1,"minecraft:stone":367,"minecraft:deepslate_redstone_ore":2,"mekanism:osmium_ore":1,"thermal:lead_ore":11,"minecraft:crafting_table":1,"minecraft:torch":3,"minecraft:blast_furnace":1,"mekanism:tin_ore":3,"minecraft:copper_ore":20,"minecraft:tall_grass":1,"minecraft:cobblestone":10,"minecraft:wall_torch":5,"minecraft:spruce_log":12,"minecraft:grass":7,"minecraft:coal_ore":52,"minecraft:gravel":5,"minecraft:dirt":22,"minecraft:stonecutter":1,"minecraft:deepslate":438,"thermal:deepslate_sulfur_ore":1,"minecraft:infested_stone":1},"minecraft:used":{"gobber2:gobber2_goo":3,"gobber2:gobber2_gooey_bread":1,"minecraft:chest":3,"minecraft:creeper_head":1,"minecraft:torch":53,"minecraft:dirt":3,"minecraft:tuff":7,"minecraft:spruce_fence":2,"minecraft:wooden_axe":1,"delightful:green_tea_leaf":13,"alexscaves:spelunkery_table":1,"gobber2:gobber2_gooey_beef":2,"minecraft:furnace":6,"tombstone:gift":6,"minecraft:cobbled_deepslate":6,"minecraft:brown_bed":2,"minecraft:stone_pickaxe":128,"minecraft:wooden_pickaxe":4,"minecraft:crafting_table":8,"minecraft:spruce_log":13,"minecraft:diamond_pickaxe":586,"minecraft:apple":1,"minecraft:iron_pickaxe":662,"tombstone:grave_key":1,"minecraft:cobblestone":4,"minecraft:andesite":18},"minecraft:custom":{"enigmaticlegacy:play_time_with_seven_curses":1574,"minecraft:mob_kills":6,"minecraft:interact_with_crafting_table":32,"minecraft:open_barrel":7,"minecraft:leave_game":1,"minecraft:time_since_death":25755,"minecraft:climb_one_cm":10768,"minecraft:sprint_one_cm":227214,"minecraft:walk_one_cm":168540,"minecraft:drop":26,"minecraft:play_time":141921,"minecraft:deaths":16,"minecraft:sneak_time":6470,"minecraft:walk_under_water_one_cm":551,"minecraft:jump":1210,"minecraft:interact_with_blast_furnace":5,"minecraft:walk_on_water_one_cm":1560,"minecraft:total_world_time":141921,"minecraft:interact_with_furnace":28,"enigmaticlegacy:play_time_without_seven_curses":139515,"minecraft:sleep_in_bed":1,"minecraft:time_since_rest":14943,"minecraft:waystone_activated":2,"minecraft:damage_taken":4825,"tombstone:sneak_grave":1,"minecraft:damage_dealt":1302,"minecraft:fly_one_cm":218045,"minecraft:open_chest":13,"minecraft:crouch_one_cm":5358,"tombstone:undead_killed":3,"minecraft:fall_one_cm":32502},"minecraft:killed":{"minecraft:spider":1,"minecraft:skeleton":1,"farlanders:looter":1,"minecraft:creeper":1,"minecraft:zombie":2},"minecraft:broken":{"minecraft:stone_pickaxe":1,"minecraft:iron_pickaxe":3,"minecraft:wooden_axe":2},"minecraft:killed_by":{"minecraft:creeper":1,"farlanders:fanmade_enderman":3,"minecraft:silverfish":1,"minecraft:zombie":3},"minecraft:picked_up":{"minecraft:crafting_table":1,"minecraft:brown_bed":3,"tombstone:grave_key":1,"minecraft:string":5,"minecraft:raw_copper":390,"thermal:sulfur":39,"minecraft:cobbled_deepslate":455,"thermal:niter":31,"delightful:green_tea_leaf":14,"minecraft:furnace":1,"minecraft:raw_iron":84,"minecraft:stick":60,"minecraft:torch":324,"thermal:raw_lead":15,"minecraft:spruce_fence":2,"tombstone:grave_dust":3,"minecraft:redstone":67,"mekanism:raw_tin":57,"gobber2:gobber2_foo":1,"farmersdelight:fried_egg":1,"minecraft:rotten_flesh":3,"alexscaves:spelunkery_table":1,"farmersdelight:rope":2,"minecraft:cobblestone":380,"minecraft:andesite":265,"gobber2:gobber2_gooey_beefstew":3,"minecraft:flint":1,"minecraft:tuff":49,"minecraft:gunpowder":2,"minecraft:lapis_lazuli":28,"minecraft:dirt":21,"minecraft:lantern":1,"minecraft:stonecutter":1,"gobber2:gobber2_gooey_beef":3,"minecraft:raw_gold":24,"minecraft:iron_ingot":1,"gobber2:gobber2_globette":8,"gobber2:gobber2_gooey_bread":1,"rustic_engineer:raw_solarite_ore":1,"thermal:raw_tin":28,"patchouli:guide_book":1,"minecraft:gravel":4,"minecraft:stripped_spruce_log":1,"minecraft:spruce_sapling":109,"minecraft:blast_furnace":1,"minecraft:spruce_log":1184,"mekanism:raw_osmium":17,"minecraft:diamond":48,"gobber2:gobber2_goo":5,"minecraft:coal":396,"minecraft:diamond_pickaxe":1,"minecraft:ender_pearl":1}},"DataVersion":3465}