{
  "morevillagers:root": {
    "criteria": {
      "always": "2024-07-05 23:04:18 +0000"
    },
    "done": true
  },
  "ae2wtlib:recipes/magnet_card": {
    "criteria": {
      "has_wct": "2024-07-05 23:04:18 +0000"
    },
    "done": true
  },
  "simplyswords:grant_book_on_first_join": {
    "criteria": {
      "tick": "2024-07-05 23:04:18 +0000"
    },
    "done": true
  },
  "ae2wtlib:recipes/wireless_universal_terminal/upgrade_pattern_access": {
    "criteria": {
      "has_wit": "2024-07-05 23:04:18 +0000"
    },
    "done": true
  },
  "enigmaticlegacy:book/relics/enigmatic_amulet": {
    "criteria": {
      "has_items": "2024-07-05 23:04:18 +0000"
    },
    "done": true
  },
  "enigmaticlegacy:main/root": {
    "criteria": {
      "flower": "2024-07-05 23:04:18 +0000"
    },
    "done": true
  },
  "repurposed_structures:root": {
    "criteria": {
      "always": "2024-07-05 23:04:18 +0000"
    },
    "done": true
  },
  "minecraft:recipes/decorations/crafting_table": {
    "criteria": {
      "unlock_right_away": "2024-07-05 23:04:18 +0000"
    },
    "done": true
  },
  "mekanism:root": {
    "criteria": {
      "automatic": "2024-07-05 23:04:18 +0000"
    },
    "done": true
  },
  "jodek:utility": {
    "criteria": {
      "tick": "2024-07-05 23:04:18 +0000"
    },
    "done": true
  },
  "incendium:technical/new_player": {
    "criteria": {
      "requirement": "2024-07-05 23:04:18 +0000"
    },
    "done": true
  },
  "ae2wtlib:recipes/wireless_universal_terminal/upgrade_pattern_encoding": {
    "criteria": {
      "has_wpt": "2024-07-05 23:04:18 +0000"
    },
    "done": true
  },
  "ae2wtlib:recipes/wireless_universal_terminal/ce": {
    "criteria": {
      "has_wpt": "2024-07-05 23:04:18 +0000",
      "has_wct": "2024-07-05 23:04:18 +0000"
    },
    "done": true
  },
  "ae2wtlib:recipes/wireless_universal_terminal/ca": {
    "criteria": {
      "has_wit": "2024-07-05 23:04:18 +0000",
      "has_wct": "2024-07-05 23:04:18 +0000"
    },
    "done": true
  },
  "dungeons_arise:wda_root": {
    "criteria": {
      "WDA": "2024-07-05 23:04:18 +0000"
    },
    "done": true
  },
  "ae2wtlib:recipes/wireless_universal_terminal/upgrade_crafting": {
    "criteria": {
      "has_wct": "2024-07-05 23:04:18 +0000"
    },
    "done": true
  },
  "ae2wtlib:recipes/wireless_universal_terminal/ae": {
    "criteria": {
      "has_wit": "2024-07-05 23:04:18 +0000",
      "has_wpt": "2024-07-05 23:04:18 +0000"
    },
    "done": true
  },
  "ae2wtlib:recipes/wireless_pattern_access_terminal": {
    "criteria": {
      "has_wt": "2024-07-05 23:04:18 +0000"
    },
    "done": true
  },
  "enigmaticlegacy:recipes/generic/the_acknowledgment": {
    "criteria": {
      "has_iron_ingot": "2024-07-05 23:04:18 +0000"
    },
    "done": true
  },
  "betterdungeons:root": {
    "criteria": {
      "always": "2024-07-05 23:04:18 +0000"
    },
    "done": true
  },
  "jodek:sleep": {
    "criteria": {
      "tick": "2024-07-05 23:04:18 +0000"
    },
    "done": true
  },
  "ae2wtlib:recipes/quantum_bridge_card": {
    "criteria": {
      "has_wit": "2024-07-05 23:04:18 +0000",
      "has_wpt": "2024-07-05 23:04:18 +0000",
      "has_wct": "2024-07-05 23:04:18 +0000"
    },
    "done": true
  },
  "majruszsdifficulty:game_stage_normal": {
    "criteria": {
      "is_triggered": "2024-07-05 23:04:18 +0000"
    },
    "done": true
  },
  "ae2wtlib:recipes/wireless_pattern_encoding_terminal": {
    "criteria": {
      "has_wt": "2024-07-05 23:04:18 +0000"
    },
    "done": true
  },
  "betterdeserttemples:root": {
    "criteria": {
      "always": "2024-07-05 23:04:18 +0000"
    },
    "done": true
  },
  "cataclysm:root": {
    "criteria": {
      "custom_test_name": "2024-07-05 23:04:18 +0000"
    },
    "done": true
  },
  "plenty_of_golems:not_enough_golem_ad": {
    "criteria": {
      "not_enough_golem_ad": "2024-07-05 23:04:18 +0000"
    },
    "done": true
  },
  "enigmaticlegacy:book/relics/cursed_ring": {
    "criteria": {
      "has_items": "2024-07-05 23:04:18 +0000"
    },
    "done": true
  },
  "farmersdelight:main/root": {
    "criteria": {
      "seeds": "2024-07-05 23:04:18 +0000"
    },
    "done": true
  },
  "jodek:root": {
    "criteria": {
      "tick": "2024-07-05 23:04:18 +0000"
    },
    "done": true
  },
  "enigmaticlegacy:recipes/generic/the_twist": {
    "criteria": {
      "has_parent_recipe": "2024-07-05 23:04:18 +0000"
    },
    "done": false
  },
  "incendium:technical/using/shield": {
    "criteria": {
      "log_spam_fixer": "2024-07-05 23:04:20 +0000"
    },
    "done": false
  },
  "tombstone:adventure/root": {
    "criteria": {
      "auto": "2024-07-05 23:04:20 +0000"
    },
    "done": true
  },
  "incendium:technical/scroll_of_returning": {
    "criteria": {
      "log_spam_fixer": "2024-07-05 23:04:20 +0000"
    },
    "done": false
  },
  "incendium:technical/using/ragnarok": {
    "criteria": {
      "log_spam_fixer": "2024-07-05 23:04:20 +0000"
    },
    "done": false
  },
  "incendium:technical/using/trailblazer": {
    "criteria": {
      "log_spam_fixer": "2024-07-05 23:04:20 +0000"
    },
    "done": false
  },
  "morevillagers:recipes/gardening_table": {
    "criteria": {
      "has_flower": "2024-07-05 23:06:24 +0000"
    },
    "done": true
  },
  "biomancy:recipes/biomancy/digesting/nutrient_paste_from_digesting_small_flowers": {
    "criteria": {
      "has_small_flowers": "2024-07-05 23:06:24 +0000"
    },
    "done": true
  },
  "minecraft:recipes/misc/magenta_dye_from_allium": {
    "criteria": {
      "has_allium": "2024-07-05 23:06:24 +0000"
    },
    "done": true
  },
  "vampirism:recipes/decorations/general/fire_place": {
    "criteria": {
      "has_logs": "2024-07-05 23:06:46 +0000"
    },
    "done": true
  },
  "minecraft:recipes/misc/charcoal": {
    "criteria": {
      "has_log": "2024-07-05 23:06:46 +0000"
    },
    "done": true
  },
  "securitycraft:recipes/misc/sc_manual": {
    "criteria": {
      "has_wood": "2024-07-05 23:06:46 +0000"
    },
    "done": true
  },
  "minecraft:recipes/building_blocks/spruce_wood": {
    "criteria": {
      "has_log": "2024-07-05 23:06:46 +0000"
    },
    "done": true
  },
  "minecraft:recipes/building_blocks/spruce_planks": {
    "criteria": {
      "has_logs": "2024-07-05 23:06:46 +0000"
    },
    "done": true
  },
  "minecraft:recipes/misc/stick": {
    "criteria": {
      "has_planks": "2024-07-05 23:06:57 +0000"
    },
    "done": true
  },
  "another_furniture:recipes/spruce_table": {
    "criteria": {
      "has_planks": "2024-07-05 23:06:57 +0000"
    },
    "done": true
  },
  "minecraft:recipes/decorations/spruce_fence": {
    "criteria": {
      "has_planks": "2024-07-05 23:06:57 +0000"
    },
    "done": true
  },
  "another_furniture:recipes/spruce_shelf": {
    "criteria": {
      "has_planks": "2024-07-05 23:06:57 +0000"
    },
    "done": true
  },
  "minecraft:recipes/redstone/spruce_button": {
    "criteria": {
      "has_planks": "2024-07-05 23:06:57 +0000"
    },
    "done": true
  },
  "vampirism:recipes/decorations/general/throne": {
    "criteria": {
      "has_planks": "2024-07-05 23:06:57 +0000"
    },
    "done": true
  },
  "minecraft:recipes/redstone/spruce_pressure_plate": {
    "criteria": {
      "has_planks": "2024-07-05 23:06:57 +0000"
    },
    "done": true
  },
  "vampirism:recipes/combat/hunter/crucifix": {
    "criteria": {
      "planks": "2024-07-05 23:06:57 +0000"
    },
    "done": true
  },
  "minecraft:recipes/decorations/barrel": {
    "criteria": {
      "has_planks": "2024-07-05 23:06:57 +0000"
    },
    "done": true
  },
  "minecraft:recipes/decorations/spruce_sign": {
    "criteria": {
      "has_planks": "2024-07-05 23:06:57 +0000"
    },
    "done": true
  },
  "vampirism:recipes/decorations/vampire/altar_inspiration": {
    "criteria": {
      "has_planks": "2024-07-05 23:06:57 +0000"
    },
    "done": true
  },
  "minecraft:recipes/building_blocks/spruce_slab": {
    "criteria": {
      "has_planks": "2024-07-05 23:06:57 +0000"
    },
    "done": true
  },
  "vampirism:recipes/decorations/hunter/cross": {
    "criteria": {
      "has_planks": "2024-07-05 23:06:57 +0000"
    },
    "done": true
  },
  "vampirism:recipes/decorations/bat_cage": {
    "criteria": {
      "has_planks": "2024-07-05 23:06:57 +0000"
    },
    "done": true
  },
  "minecraft:recipes/redstone/spruce_trapdoor": {
    "criteria": {
      "has_planks": "2024-07-05 23:06:57 +0000"
    },
    "done": true
  },
  "minecraft:recipes/redstone/spruce_door": {
    "criteria": {
      "has_planks": "2024-07-05 23:06:57 +0000"
    },
    "done": true
  },
  "minecraft:recipes/redstone/spruce_fence_gate": {
    "criteria": {
      "has_planks": "2024-07-05 23:06:57 +0000"
    },
    "done": true
  },
  "vampirism:recipes/combat/alchemy_table": {
    "criteria": {
      "has_planks": "2024-07-05 23:06:57 +0000"
    },
    "done": true
  },
  "vampirism:recipes/decorations/general/vampire_rack": {
    "criteria": {
      "has_planks": "2024-07-05 23:06:57 +0000"
    },
    "done": true
  },
  "minecraft:recipes/building_blocks/spruce_stairs": {
    "criteria": {
      "has_planks": "2024-07-05 23:06:57 +0000"
    },
    "done": true
  },
  "another_furniture:recipes/spruce_chair": {
    "criteria": {
      "has_planks": "2024-07-05 23:06:57 +0000"
    },
    "done": true
  },
  "vampirism:recipes/decorations/general/altar_cleansing": {
    "criteria": {
      "has_vampire_book": "2024-07-05 23:06:57 +0000"
    },
    "done": true
  },
  "aquamirae:adventure/root": {
    "criteria": {
      "crafting_table": "2024-07-05 23:07:00 +0000"
    },
    "done": true
  },
  "minecraft:story/root": {
    "criteria": {
      "crafting_table": "2024-07-05 23:07:00 +0000"
    },
    "done": true
  },
  "biomancy:recipes/biomancy/digesting/nutrient_paste_from_digesting_saplings": {
    "criteria": {
      "has_saplings": "2024-07-05 23:07:02 +0000"
    },
    "done": true
  },
  "minecraft:recipes/decorations/ladder": {
    "criteria": {
      "has_stick": "2024-07-05 23:08:04 +0000"
    },
    "done": true
  },
  "securitycraft:recipes/redstone/reinforced_birch_fence_gate": {
    "criteria": {
      "has_stick": "2024-07-05 23:08:04 +0000"
    },
    "done": true
  },
  "securitycraft:recipes/redstone/reinforced_crimson_fence_gate": {
    "criteria": {
      "has_stick": "2024-07-05 23:08:04 +0000"
    },
    "done": true
  },
  "securitycraft:recipes/misc/motion_activated_light": {
    "criteria": {
      "has_stick": "2024-07-05 23:08:04 +0000"
    },
    "done": true
  },
  "securitycraft:recipes/redstone/reinforced_jungle_fence_gate": {
    "criteria": {
      "has_stick": "2024-07-05 23:08:04 +0000"
    },
    "done": true
  },
  "another_furniture:recipes/oak_drawer": {
    "criteria": {
      "has_planks": "2024-07-05 23:08:04 +0000"
    },
    "done": true
  },
  "minecraft:recipes/tools/wooden_axe": {
    "criteria": {
      "has_stick": "2024-07-05 23:08:04 +0000"
    },
    "done": true
  },
  "securitycraft:recipes/redstone/reinforced_spruce_fence_gate": {
    "criteria": {
      "has_stick": "2024-07-05 23:08:04 +0000"
    },
    "done": true
  },
  "another_furniture:recipes/dark_oak_drawer": {
    "criteria": {
      "has_planks": "2024-07-05 23:08:04 +0000"
    },
    "done": true
  },
  "securitycraft:recipes/misc/reinforced_acacia_fence": {
    "criteria": {
      "has_stick": "2024-07-05 23:08:04 +0000"
    },
    "done": true
  },
  "another_furniture:recipes/acacia_drawer": {
    "criteria": {
      "has_planks": "2024-07-05 23:08:04 +0000"
    },
    "done": true
  },
  "securitycraft:recipes/redstone/reinforced_bamboo_fence_gate": {
    "criteria": {
      "has_stick": "2024-07-05 23:08:04 +0000"
    },
    "done": true
  },
  "another_furniture:recipes/spruce_drawer": {
    "criteria": {
      "has_planks": "2024-07-05 23:08:04 +0000"
    },
    "done": true
  },
  "minecraft:recipes/decorations/campfire": {
    "criteria": {
      "has_stick": "2024-07-05 23:08:04 +0000"
    },
    "done": true
  },
  "minecraft:recipes/tools/wooden_hoe": {
    "criteria": {
      "has_stick": "2024-07-05 23:08:04 +0000"
    },
    "done": true
  },
  "securitycraft:recipes/misc/sonic_security_system": {
    "criteria": {
      "has_stick": "2024-07-05 23:08:04 +0000"
    },
    "done": true
  },
  "minecraft:recipes/tools/wooden_shovel": {
    "criteria": {
      "has_stick": "2024-07-05 23:08:04 +0000"
    },
    "done": true
  },
  "another_furniture:recipes/cherry_drawer": {
    "criteria": {
      "has_planks": "2024-07-05 23:08:04 +0000"
    },
    "done": true
  },
  "securitycraft:recipes/redstone/reinforced_dark_oak_fence_gate": {
    "criteria": {
      "has_stick": "2024-07-05 23:08:04 +0000"
    },
    "done": true
  },
  "another_furniture:recipes/bamboo_drawer": {
    "criteria": {
      "has_planks": "2024-07-05 23:08:04 +0000"
    },
    "done": true
  },
  "minecraft:recipes/combat/wooden_sword": {
    "criteria": {
      "has_stick": "2024-07-05 23:08:04 +0000"
    },
    "done": true
  },
  "securitycraft:recipes/misc/reinforced_birch_fence": {
    "criteria": {
      "has_stick": "2024-07-05 23:08:04 +0000"
    },
    "done": true
  },
  "securitycraft:recipes/misc/reinforced_dark_oak_fence": {
    "criteria": {
      "has_stick": "2024-07-05 23:08:04 +0000"
    },
    "done": true
  },
  "securitycraft:recipes/misc/reinforced_oak_fence": {
    "criteria": {
      "has_stick": "2024-07-05 23:08:04 +0000"
    },
    "done": true
  },
  "securitycraft:recipes/redstone/reinforced_oak_fence_gate": {
    "criteria": {
      "has_stick": "2024-07-05 23:08:04 +0000"
    },
    "done": true
  },
  "securitycraft:recipes/misc/reinforced_bamboo_fence": {
    "criteria": {
      "has_stick": "2024-07-05 23:08:04 +0000"
    },
    "done": true
  },
  "securitycraft:recipes/misc/reinforced_crimson_fence": {
    "criteria": {
      "has_stick": "2024-07-05 23:08:04 +0000"
    },
    "done": true
  },
  "ae2:recipes/misc/network/blocks/crank": {
    "criteria": {
      "has_stick": "2024-07-05 23:08:04 +0000"
    },
    "done": true
  },
  "vampirism:recipes/combat/hunter/stake": {
    "criteria": {
      "has_sticks": "2024-07-05 23:08:04 +0000"
    },
    "done": true
  },
  "farmersdelight:recipes/combat/flint_knife": {
    "criteria": {
      "has_stick": "2024-07-05 23:08:04 +0000"
    },
    "done": true
  },
  "securitycraft:recipes/misc/reinforced_jungle_fence": {
    "criteria": {
      "has_stick": "2024-07-05 23:08:04 +0000"
    },
    "done": true
  },
  "securitycraft:recipes/misc/reinforced_warped_fence": {
    "criteria": {
      "has_stick": "2024-07-05 23:08:04 +0000"
    },
    "done": true
  },
  "another_furniture:recipes/warped_drawer": {
    "criteria": {
      "has_planks": "2024-07-05 23:08:04 +0000"
    },
    "done": true
  },
  "securitycraft:recipes/redstone/reinforced_cherry_fence_gate": {
    "criteria": {
      "has_stick": "2024-07-05 23:08:04 +0000"
    },
    "done": true
  },
  "securitycraft:recipes/redstone/reinforced_acacia_fence_gate": {
    "criteria": {
      "has_stick": "2024-07-05 23:08:04 +0000"
    },
    "done": true
  },
  "sawmill:recipes/sawmill": {
    "criteria": {
      "has_sticks": "2024-07-05 23:08:04 +0000"
    },
    "done": true
  },
  "securitycraft:recipes/misc/reinforced_cherry_fence": {
    "criteria": {
      "has_stick": "2024-07-05 23:08:04 +0000"
    },
    "done": true
  },
  "securitycraft:recipes/redstone/reinforced_warped_fence_gate": {
    "criteria": {
      "has_stick": "2024-07-05 23:08:04 +0000"
    },
    "done": true
  },
  "another_furniture:recipes/jungle_drawer": {
    "criteria": {
      "has_planks": "2024-07-05 23:08:04 +0000"
    },
    "done": true
  },
  "another_furniture:recipes/crimson_drawer": {
    "criteria": {
      "has_planks": "2024-07-05 23:08:04 +0000"
    },
    "done": true
  },
  "minecraft:recipes/tools/wooden_pickaxe": {
    "criteria": {
      "has_stick": "2024-07-05 23:08:04 +0000"
    },
    "done": true
  },
  "securitycraft:recipes/redstone/reinforced_mangrove_fence_gate": {
    "criteria": {
      "has_stick": "2024-07-05 23:08:04 +0000"
    },
    "done": true
  },
  "securitycraft:recipes/misc/reinforced_mangrove_fence": {
    "criteria": {
      "has_stick": "2024-07-05 23:08:04 +0000"
    },
    "done": true
  },
  "another_furniture:recipes/mangrove_drawer": {
    "criteria": {
      "has_planks": "2024-07-05 23:08:04 +0000"
    },
    "done": true
  },
  "farmersdelight:recipes/decorations/cutting_board": {
    "criteria": {
      "has_stick": "2024-07-05 23:08:04 +0000"
    },
    "done": true
  },
  "another_furniture:recipes/furniture_hammer": {
    "criteria": {
      "has_stick": "2024-07-05 23:08:04 +0000"
    },
    "done": true
  },
  "another_furniture:recipes/birch_drawer": {
    "criteria": {
      "has_planks": "2024-07-05 23:08:04 +0000"
    },
    "done": true
  },
  "securitycraft:recipes/misc/reinforced_spruce_fence": {
    "criteria": {
      "has_stick": "2024-07-05 23:08:04 +0000"
    },
    "done": true
  },
  "farmersdelight:recipes/cooking/apple_cider": {
    "criteria": {
      "has_apple": "2024-07-05 23:08:24 +0000"
    },
    "done": true
  },
  "biomancy:recipes/biomancy/decomposing/apple_decomposing": {
    "criteria": {
      "has_apple": "2024-07-05 23:08:24 +0000"
    },
    "done": true
  },
  "delightful:recipes/food/cooking/jelly_bottle": {
    "criteria": {
      "has_sweet_fruit": "2024-07-05 23:08:24 +0000"
    },
    "done": true
  },
  "delightful:recipes/food/cooking/sinigang_no_ginger_citrus": {
    "criteria": {
      "has_ginger": "2024-07-05 23:08:24 +0000"
    },
    "done": true
  },
  "minecraft:story/mine_stone": {
    "criteria": {
      "get_stone": "2024-07-05 23:08:33 +0000"
    },
    "done": true
  },
  "minecraft:recipes/decorations/furnace": {
    "criteria": {
      "has_cobblestone": "2024-07-05 23:08:33 +0000"
    },
    "done": true
  },
  "securitycraft:recipes/building_blocks/reinforced_andesite_with_vanilla_diorite": {
    "criteria": {
      "has_cobblestone": "2024-07-05 23:08:33 +0000"
    },
    "done": true
  },
  "minecraft:recipes/building_blocks/cobblestone_slab_from_cobblestone_stonecutting": {
    "criteria": {
      "has_cobblestone": "2024-07-05 23:08:33 +0000"
    },
    "done": true
  },
  "minecraft:recipes/building_blocks/stone": {
    "criteria": {
      "has_cobblestone": "2024-07-05 23:08:33 +0000"
    },
    "done": true
  },
  "securitycraft:recipes/building_blocks/reinforced_andesite_with_vanilla_cobblestone": {
    "criteria": {
      "has_cobblestone": "2024-07-05 23:08:33 +0000"
    },
    "done": true
  },
  "vampirism:recipes/decorations/general/tombstone2": {
    "criteria": {
      "has_coble": "2024-07-05 23:08:33 +0000"
    },
    "done": true
  },
  "minecraft:recipes/tools/stone_pickaxe": {
    "criteria": {
      "has_cobblestone": "2024-07-05 23:08:33 +0000"
    },
    "done": true
  },
  "minecraft:recipes/building_blocks/cobblestone_slab": {
    "criteria": {
      "has_cobblestone": "2024-07-05 23:08:33 +0000"
    },
    "done": true
  },
  "minecraft:recipes/decorations/cobblestone_wall_from_cobblestone_stonecutting": {
    "criteria": {
      "has_cobblestone": "2024-07-05 23:08:33 +0000"
    },
    "done": true
  },
  "minecraft:recipes/building_blocks/cobblestone_stairs": {
    "criteria": {
      "has_cobblestone": "2024-07-05 23:08:33 +0000"
    },
    "done": true
  },
  "minecraft:recipes/tools/stone_shovel": {
    "criteria": {
      "has_cobblestone": "2024-07-05 23:08:33 +0000"
    },
    "done": true
  },
  "minecraft:recipes/redstone/lever": {
    "criteria": {
      "has_cobblestone": "2024-07-05 23:08:33 +0000"
    },
    "done": true
  },
  "minecraft:recipes/combat/stone_sword": {
    "criteria": {
      "has_cobblestone": "2024-07-05 23:08:33 +0000"
    },
    "done": true
  },
  "minecraft:recipes/decorations/cobblestone_wall": {
    "criteria": {
      "has_cobblestone": "2024-07-05 23:08:33 +0000"
    },
    "done": true
  },
  "minecraft:recipes/tools/stone_axe": {
    "criteria": {
      "has_cobblestone": "2024-07-05 23:08:33 +0000"
    },
    "done": true
  },
  "securitycraft:recipes/redstone/laser_block": {
    "criteria": {
      "has_stone": "2024-07-05 23:08:33 +0000"
    },
    "done": true
  },
  "additionallanterns:recipes/misc/cobblestone_chain": {
    "criteria": {
      "recipe_condition": "2024-07-05 23:08:33 +0000"
    },
    "done": true
  },
  "securitycraft:recipes/building_blocks/reinforced_andesite": {
    "criteria": {
      "has_cobblestone": "2024-07-05 23:08:33 +0000"
    },
    "done": true
  },
  "securitycraft:recipes/building_blocks/reinforced_diorite": {
    "criteria": {
      "has_cobblestone": "2024-07-05 23:08:33 +0000"
    },
    "done": true
  },
  "minecraft:recipes/building_blocks/cobblestone_stairs_from_cobblestone_stonecutting": {
    "criteria": {
      "has_cobblestone": "2024-07-05 23:08:33 +0000"
    },
    "done": true
  },
  "minecraft:recipes/tools/stone_hoe": {
    "criteria": {
      "has_cobblestone": "2024-07-05 23:08:33 +0000"
    },
    "done": true
  },
  "minecraft:recipes/decorations/chest": {
    "criteria": {
      "has_lots_of_items": "2024-07-05 23:08:52 +0000"
    },
    "done": true
  },
  "minecraft:recipes/decorations/torch": {
    "criteria": {
      "has_stone_pickaxe": "2024-07-05 23:09:01 +0000"
    },
    "done": true
  },
  "minecraft:story/upgrade_tools": {
    "criteria": {
      "stone_pickaxe": "2024-07-05 23:09:01 +0000"
    },
    "done": true
  },
  "farmersdelight:main/craft_knife": {
    "criteria": {
      "flint_knife": "2024-07-05 23:09:04 +0000"
    },
    "done": true
  },
  "vampirism:recipes/decorations/general/grave_cage": {
    "criteria": {
      "has_coal": "2024-07-05 23:09:06 +0000"
    },
    "done": true
  },
  "minecraft:recipes/building_blocks/coal_block": {
    "criteria": {
      "has_coal": "2024-07-05 23:09:06 +0000"
    },
    "done": true
  },
  "minecraft:recipes/food/cooked_beef_from_smoking": {
    "criteria": {
      "has_beef": "2024-07-05 23:09:08 +0000"
    },
    "done": true
  },
  "farmersdelight:recipes/cooking/pasta_with_meatballs": {
    "criteria": {
      "has_any_ingredient": "2024-07-05 23:09:08 +0000"
    },
    "done": true
  },
  "biomancy:biomancy/raw_meat_collection": {
    "criteria": {
      "has_raw_beef": "2024-07-05 23:09:08 +0000",
      "has_raw_mutton": "2024-07-05 23:09:45 +0000",
      "has_raw_porkchop": "2024-07-05 23:12:53 +0000"
    },
    "done": false
  },
  "minecraft:recipes/food/cooked_beef": {
    "criteria": {
      "has_beef": "2024-07-05 23:09:08 +0000"
    },
    "done": true
  },
  "farmersdelight:recipes/cooking/beef_stew": {
    "criteria": {
      "has_any_ingredient": "2024-07-05 23:09:08 +0000"
    },
    "done": true
  },
  "biomancy:biomancy/root": {
    "criteria": {
      "has_raw_meats": "2024-07-05 23:09:08 +0000"
    },
    "done": true
  },
  "biomancy:recipes/biomancy/decomposing/beef_decomposing": {
    "criteria": {
      "has_beef": "2024-07-05 23:09:08 +0000"
    },
    "done": true
  },
  "minecraft:recipes/food/cooked_beef_from_campfire_cooking": {
    "criteria": {
      "has_beef": "2024-07-05 23:09:08 +0000"
    },
    "done": true
  },
  "majruszsdifficulty:bleeding_inflicted": {
    "criteria": {
      "bleeding_applied": "2024-07-05 23:09:44 +0000"
    },
    "done": true
  },
  "farlanders:root": {
    "criteria": {
      "attack_anything": "2024-07-05 23:09:44 +0000"
    },
    "done": true
  },
  "minecraft:adventure/root": {
    "criteria": {
      "killed_something": "2024-07-05 23:09:44 +0000"
    },
    "done": true
  },
  "minecraft:recipes/food/cooked_mutton_from_smoking": {
    "criteria": {
      "has_mutton": "2024-07-05 23:09:45 +0000"
    },
    "done": true
  },
  "enigmaticlegacy:recipes/generic/bonus_wool_recipes": {
    "criteria": {
      "has_white_wool": "2024-07-05 23:09:45 +0000"
    },
    "done": true
  },
  "another_furniture:recipes/white_stool": {
    "criteria": {
      "has_wool": "2024-07-05 23:09:45 +0000"
    },
    "done": true
  },
  "another_furniture:recipes/white_curtain": {
    "criteria": {
      "has_wool": "2024-07-05 23:09:45 +0000"
    },
    "done": true
  },
  "minecraft:recipes/decorations/white_bed": {
    "criteria": {
      "has_white_wool": "2024-07-05 23:09:45 +0000"
    },
    "done": true
  },
  "vampirism:recipes/decorations/vampire/coffin_white": {
    "criteria": {
      "has_wool": "2024-07-05 23:09:45 +0000"
    },
    "done": true
  },
  "vampirism:recipes/decorations/item_tent": {
    "criteria": {
      "has_wool": "2024-07-05 23:09:45 +0000"
    },
    "done": true
  },
  "minecraft:recipes/decorations/painting": {
    "criteria": {
      "has_wool": "2024-07-05 23:09:45 +0000"
    },
    "done": true
  },
  "minecraft:recipes/decorations/white_carpet": {
    "criteria": {
      "has_white_wool": "2024-07-05 23:09:45 +0000"
    },
    "done": true
  },
  "another_furniture:recipes/white_sofa": {
    "criteria": {
      "has_wool": "2024-07-05 23:09:45 +0000"
    },
    "done": true
  },
  "minecraft:recipes/food/cooked_mutton": {
    "criteria": {
      "has_mutton": "2024-07-05 23:09:45 +0000"
    },
    "done": true
  },
  "another_furniture:recipes/white_lamp": {
    "criteria": {
      "has_wool": "2024-07-05 23:09:45 +0000"
    },
    "done": true
  },
  "minecraft:recipes/decorations/white_banner": {
    "criteria": {
      "has_white_wool": "2024-07-05 23:09:45 +0000"
    },
    "done": true
  },
  "biomancy:recipes/biomancy/decomposing/mutton_decomposing": {
    "criteria": {
      "has_mutton": "2024-07-05 23:09:45 +0000"
    },
    "done": true
  },
  "another_furniture:recipes/white_tall_stool": {
    "criteria": {
      "has_wool": "2024-07-05 23:09:45 +0000"
    },
    "done": true
  },
  "minecraft:recipes/food/cooked_mutton_from_campfire_cooking": {
    "criteria": {
      "has_mutton": "2024-07-05 23:09:45 +0000"
    },
    "done": true
  },
  "farmersdelight:recipes/cooking/pasta_with_mutton_chop": {
    "criteria": {
      "has_any_ingredient": "2024-07-05 23:09:45 +0000"
    },
    "done": true
  },
  "biomancy:recipes/biomancy/decomposing/raw_copper_decomposing": {
    "criteria": {
      "has_raw_copper": "2024-07-05 23:09:55 +0000"
    },
    "done": true
  },
  "minecraft:recipes/misc/copper_ingot_from_blasting_raw_copper": {
    "criteria": {
      "has_raw_copper": "2024-07-05 23:09:55 +0000"
    },
    "done": true
  },
  "minecraft:recipes/building_blocks/raw_copper_block": {
    "criteria": {
      "has_raw_copper": "2024-07-05 23:09:55 +0000"
    },
    "done": true
  },
  "minecraft:recipes/misc/copper_ingot_from_smelting_raw_copper": {
    "criteria": {
      "has_raw_copper": "2024-07-05 23:09:55 +0000"
    },
    "done": true
  },
  "minecraft:recipes/decorations/smoker": {
    "criteria": {
      "has_furnace": "2024-07-05 23:10:32 +0000"
    },
    "done": true
  },
  "minecraft:recipes/combat/leather_helmet": {
    "criteria": {
      "has_leather": "2024-07-05 23:10:42 +0000"
    },
    "done": true
  },
  "minecraft:recipes/combat/leather_chestplate": {
    "criteria": {
      "has_leather": "2024-07-05 23:10:42 +0000"
    },
    "done": true
  },
  "minecraft:recipes/misc/leather_horse_armor": {
    "criteria": {
      "has_leather": "2024-07-05 23:10:42 +0000"
    },
    "done": true
  },
  "biomancy:recipes/biomancy/decomposing/forge_leather_decomposing": {
    "criteria": {
      "has_leather": "2024-07-05 23:10:42 +0000"
    },
    "done": true
  },
  "sophisticatedbackpacks:recipes/misc/backpack": {
    "criteria": {
      "has_leather": "2024-07-05 23:10:42 +0000"
    },
    "done": true
  },
  "hangglider:recipes/tools/glider_wing": {
    "criteria": {
      "has_leather": "2024-07-05 23:10:42 +0000"
    },
    "done": true
  },
  "minecraft:recipes/decorations/item_frame": {
    "criteria": {
      "has_leather": "2024-07-05 23:10:42 +0000"
    },
    "done": true
  },
  "minecraft:recipes/combat/leather_boots": {
    "criteria": {
      "has_leather": "2024-07-05 23:10:42 +0000"
    },
    "done": true
  },
  "minecraft:recipes/combat/leather_leggings": {
    "criteria": {
      "has_leather": "2024-07-05 23:10:42 +0000"
    },
    "done": true
  },
  "biomancy:recipes/biomancy/bio_forging/leather_from_bio_forging": {
    "criteria": {
      "has_leather": "2024-07-05 23:10:42 +0000"
    },
    "done": true
  },
  "sophisticatedbackpacks:recipes/misc/upgrade_base": {
    "criteria": {
      "has_leather": "2024-07-05 23:10:42 +0000"
    },
    "done": true
  },
  "minecraft:husbandry/root": {
    "criteria": {
      "consumed_item": "2024-07-05 23:11:21 +0000"
    },
    "done": true
  },
  "minecraft:husbandry/balanced_diet": {
    "criteria": {
      "cooked_beef": "2024-07-05 23:11:21 +0000",
      "apple": "2024-07-05 23:13:55 +0000"
    },
    "done": false
  },
  "majruszsdifficulty:recipes/misc/bandage": {
    "criteria": {
      "has_string": "2024-07-05 23:11:32 +0000"
    },
    "done": true
  },
  "minecraft:recipes/redstone/tripwire_hook": {
    "criteria": {
      "has_string": "2024-07-05 23:11:32 +0000"
    },
    "done": true
  },
  "minecraft:recipes/decorations/candle": {
    "criteria": {
      "has_string": "2024-07-05 23:11:32 +0000"
    },
    "done": true
  },
  "biomancy:recipes/biomancy/bio_forging/string_from_bio_forging": {
    "criteria": {
      "has_string": "2024-07-05 23:11:32 +0000"
    },
    "done": true
  },
  "vampirism:recipes/decorations/vampire/chandelier": {
    "criteria": {
      "has_string": "2024-07-05 23:11:32 +0000"
    },
    "done": true
  },
  "minecraft:recipes/combat/crossbow": {
    "criteria": {
      "has_string": "2024-07-05 23:11:32 +0000"
    },
    "done": true
  },
  "minecraft:recipes/combat/bow": {
    "criteria": {
      "has_string": "2024-07-05 23:11:32 +0000"
    },
    "done": true
  },
  "biomancy:recipes/biomancy/decomposing/forge_string_decomposing": {
    "criteria": {
      "has_string": "2024-07-05 23:11:32 +0000"
    },
    "done": true
  },
  "minecraft:recipes/tools/fishing_rod": {
    "criteria": {
      "has_string": "2024-07-05 23:11:32 +0000"
    },
    "done": true
  },
  "vampirism:recipes/decorations/vampire/candelabra": {
    "criteria": {
      "has_string": "2024-07-05 23:11:32 +0000"
    },
    "done": true
  },
  "minecraft:recipes/building_blocks/white_wool_from_string": {
    "criteria": {
      "has_string": "2024-07-05 23:11:32 +0000"
    },
    "done": true
  },
  "minecraft:recipes/decorations/loom": {
    "criteria": {
      "has_string": "2024-07-05 23:11:32 +0000"
    },
    "done": true
  },
  "additionallanterns:recipes/misc/dark_prismarine_lantern": {
    "criteria": {
      "recipe_condition": "2024-07-05 23:12:05 +0000"
    },
    "done": true
  },
  "additionallanterns:recipes/misc/purpur_lantern": {
    "criteria": {
      "recipe_condition": "2024-07-05 23:12:05 +0000"
    },
    "done": true
  },
  "additionallanterns:recipes/misc/emerald_lantern": {
    "criteria": {
      "recipe_condition": "2024-07-05 23:12:05 +0000"
    },
    "done": true
  },
  "additionallanterns:recipes/misc/granite_lantern": {
    "criteria": {
      "recipe_condition": "2024-07-05 23:12:05 +0000"
    },
    "done": true
  },
  "additionallanterns:recipes/misc/red_nether_bricks_lantern": {
    "criteria": {
      "recipe_condition": "2024-07-05 23:12:05 +0000"
    },
    "done": true
  },
  "additionallanterns:recipes/misc/andesite_lantern": {
    "criteria": {
      "recipe_condition": "2024-07-05 23:12:05 +0000"
    },
    "done": true
  },
  "additionallanterns:recipes/misc/basalt_lantern": {
    "criteria": {
      "recipe_condition": "2024-07-05 23:12:05 +0000"
    },
    "done": true
  },
  "additionallanterns:recipes/misc/end_stone_lantern": {
    "criteria": {
      "recipe_condition": "2024-07-05 23:12:05 +0000"
    },
    "done": true
  },
  "additionallanterns:recipes/misc/diorite_lantern": {
    "criteria": {
      "recipe_condition": "2024-07-05 23:12:05 +0000"
    },
    "done": true
  },
  "additionallanterns:recipes/misc/stone_lantern": {
    "criteria": {
      "recipe_condition": "2024-07-05 23:12:05 +0000"
    },
    "done": true
  },
  "additionallanterns:recipes/misc/diamond_lantern": {
    "criteria": {
      "recipe_condition": "2024-07-05 23:12:05 +0000"
    },
    "done": true
  },
  "additionallanterns:recipes/misc/obsidian_lantern": {
    "criteria": {
      "recipe_condition": "2024-07-05 23:12:05 +0000"
    },
    "done": true
  },
  "additionallanterns:recipes/misc/iron_lantern": {
    "criteria": {
      "recipe_condition": "2024-07-05 23:12:05 +0000"
    },
    "done": true
  },
  "additionallanterns:recipes/misc/cobblestone_lantern": {
    "criteria": {
      "recipe_condition": "2024-07-05 23:12:05 +0000"
    },
    "done": true
  },
  "additionallanterns:recipes/misc/warped_lantern": {
    "criteria": {
      "recipe_condition": "2024-07-05 23:12:05 +0000"
    },
    "done": true
  },
  "additionallanterns:recipes/misc/amethyst_lantern": {
    "criteria": {
      "recipe_condition": "2024-07-05 23:12:05 +0000"
    },
    "done": true
  },
  "additionallanterns:recipes/misc/cobbled_deepslate_lantern": {
    "criteria": {
      "recipe_condition": "2024-07-05 23:12:05 +0000"
    },
    "done": true
  },
  "additionallanterns:recipes/misc/crimson_lantern": {
    "criteria": {
      "recipe_condition": "2024-07-05 23:12:05 +0000"
    },
    "done": true
  },
  "additionallanterns:recipes/misc/red_sandstone_lantern": {
    "criteria": {
      "recipe_condition": "2024-07-05 23:12:05 +0000"
    },
    "done": true
  },
  "additionallanterns:recipes/misc/mossy_cobblestone_lantern": {
    "criteria": {
      "recipe_condition": "2024-07-05 23:12:05 +0000"
    },
    "done": true
  },
  "additionallanterns:recipes/misc/normal_sandstone_lantern": {
    "criteria": {
      "recipe_condition": "2024-07-05 23:12:05 +0000"
    },
    "done": true
  },
  "additionallanterns:recipes/misc/gold_lantern": {
    "criteria": {
      "recipe_condition": "2024-07-05 23:12:05 +0000"
    },
    "done": true
  },
  "additionallanterns:recipes/misc/prismarine_lantern": {
    "criteria": {
      "recipe_condition": "2024-07-05 23:12:05 +0000"
    },
    "done": true
  },
  "additionallanterns:recipes/misc/bone_lantern": {
    "criteria": {
      "recipe_condition": "2024-07-05 23:12:05 +0000"
    },
    "done": true
  },
  "additionallanterns:recipes/misc/netherite_lantern": {
    "criteria": {
      "recipe_condition": "2024-07-05 23:12:05 +0000"
    },
    "done": true
  },
  "additionallanterns:recipes/misc/quartz_lantern": {
    "criteria": {
      "recipe_condition": "2024-07-05 23:12:05 +0000"
    },
    "done": true
  },
  "additionallanterns:recipes/misc/stone_bricks_lantern": {
    "criteria": {
      "recipe_condition": "2024-07-05 23:12:05 +0000"
    },
    "done": true
  },
  "additionallanterns:recipes/misc/normal_nether_bricks_lantern": {
    "criteria": {
      "recipe_condition": "2024-07-05 23:12:05 +0000"
    },
    "done": true
  },
  "additionallanterns:recipes/misc/deepslate_bricks_lantern": {
    "criteria": {
      "recipe_condition": "2024-07-05 23:12:05 +0000"
    },
    "done": true
  },
  "additionallanterns:recipes/misc/copper_lantern": {
    "criteria": {
      "recipe_condition": "2024-07-05 23:12:05 +0000"
    },
    "done": true
  },
  "additionallanterns:recipes/misc/bricks_lantern": {
    "criteria": {
      "recipe_condition": "2024-07-05 23:12:05 +0000"
    },
    "done": true
  },
  "additionallanterns:recipes/misc/smooth_stone_lantern": {
    "criteria": {
      "recipe_condition": "2024-07-05 23:12:05 +0000"
    },
    "done": true
  },
  "additionallanterns:recipes/misc/blackstone_lantern": {
    "criteria": {
      "recipe_condition": "2024-07-05 23:12:05 +0000"
    },
    "done": true
  },
  "delightful:recipes/melon_slice": {
    "criteria": {
      "has_mini_melon": "2024-07-05 23:12:36 +0000"
    },
    "done": true
  },
  "delightful:recipes/cooking/animal_oil_bottle": {
    "criteria": {
      "has_animal_fat": "2024-07-05 23:12:52 +0000"
    },
    "done": true
  },
  "delightful:recipes/candle_from_animal_fat": {
    "criteria": {
      "has_fat": "2024-07-05 23:12:52 +0000"
    },
    "done": true
  },
  "minecraft:recipes/food/cooked_porkchop": {
    "criteria": {
      "has_porkchop": "2024-07-05 23:12:53 +0000"
    },
    "done": true
  },
  "minecraft:recipes/food/cooked_porkchop_from_smoking": {
    "criteria": {
      "has_porkchop": "2024-07-05 23:12:53 +0000"
    },
    "done": true
  },
  "farmersdelight:recipes/cooking/noodle_soup": {
    "criteria": {
      "has_any_ingredient": "2024-07-05 23:12:53 +0000"
    },
    "done": true
  },
  "biomancy:recipes/biomancy/decomposing/porkchop_decomposing": {
    "criteria": {
      "has_porkchop": "2024-07-05 23:12:53 +0000"
    },
    "done": true
  },
  "minecraft:recipes/food/cooked_porkchop_from_campfire_cooking": {
    "criteria": {
      "has_porkchop": "2024-07-05 23:12:53 +0000"
    },
    "done": true
  },
  "farmersdelight:recipes/cooking/pumpkin_soup": {
    "criteria": {
      "has_any_ingredient": "2024-07-05 23:12:53 +0000"
    },
    "done": true
  },
  "biomancy:recipes/biomancy/decomposing/forge_seeds_decomposing": {
    "criteria": {
      "has_seeds": "2024-07-05 23:13:01 +0000"
    },
    "done": true
  },
  "biomancy:recipes/biomancy/digesting/nutrient_paste_from_digesting_seeds": {
    "criteria": {
      "has_seeds": "2024-07-05 23:13:01 +0000"
    },
    "done": true
  },
  "vampirism:recipes/alchemy_table/alchemy_table/plant_oil": {
    "criteria": {
      "has_wheat_seeds": "2024-07-05 23:13:01 +0000"
    },
    "done": true
  },
  "farmersdelight:recipes/tools/lead_from_straw": {
    "criteria": {
      "has_straw": "2024-07-05 23:13:02 +0000"
    },
    "done": true
  },
  "farmersdelight:recipes/decorations/rope": {
    "criteria": {
      "has_straw": "2024-07-05 23:13:02 +0000"
    },
    "done": true
  },
  "farmersdelight:recipes/building_blocks/organic_compost_from_tree_bark": {
    "criteria": {
      "has_straw": "2024-07-05 23:13:02 +0000"
    },
    "done": true
  },
  "farmersdelight:recipes/building_blocks/straw_bale": {
    "criteria": {
      "has_straw": "2024-07-05 23:13:02 +0000"
    },
    "done": true
  },
  "farmersdelight:recipes/misc/canvas": {
    "criteria": {
      "has_straw": "2024-07-05 23:13:02 +0000"
    },
    "done": true
  },
  "minecraft:recipes/misc/light_gray_dye_from_white_tulip": {
    "criteria": {
      "has_white_tulip": "2024-07-05 23:13:02 +0000"
    },
    "done": true
  },
  "farmersdelight:recipes/building_blocks/packed_mud_from_straw": {
    "criteria": {
      "has_straw": "2024-07-05 23:13:02 +0000"
    },
    "done": true
  },
  "farmersdelight:main/harvest_straw": {
    "criteria": {
      "harvest_straw": "2024-07-05 23:13:02 +0000"
    },
    "done": true
  },
  "farmersdelight:recipes/building_blocks/organic_compost_from_rotten_flesh": {
    "criteria": {
      "has_straw": "2024-07-05 23:13:02 +0000"
    },
    "done": true
  },
  "majruszsdifficulty:bleeding": {
    "criteria": {
      "bleeding_applied": "2024-07-05 23:13:23 +0000"
    },
    "done": true
  },
  "minecraft:adventure/sleep_in_bed": {
    "criteria": {
      "slept_in_bed": "2024-07-05 23:14:07 +0000"
    },
    "done": true
  },
  "minecraft:recipes/misc/red_dye_from_poppy": {
    "criteria": {
      "has_poppy": "2024-07-05 23:14:18 +0000"
    },
    "done": true
  },
  "farmersdelight:recipes/cooking/stuffed_pumpkin_block": {
    "criteria": {
      "has_pumpkin": "2024-07-05 23:14:20 +0000"
    },
    "done": true
  },
  "minecraft:recipes/food/pumpkin_pie": {
    "criteria": {
      "has_pumpkin": "2024-07-05 23:14:20 +0000"
    },
    "done": true
  },
  "biomancy:recipes/biomancy/digesting/nutrient_paste_from_digesting_pumpkin": {
    "criteria": {
      "has_pumpkin": "2024-07-05 23:14:20 +0000"
    },
    "done": true
  },
  "minecraft:recipes/misc/pumpkin_seeds": {
    "criteria": {
      "has_pumpkin": "2024-07-05 23:14:20 +0000"
    },
    "done": true
  },
  "minecraft:recipes/misc/magenta_dye_from_blue_red_pink": {
    "criteria": {
      "has_red_dye": "2024-07-05 23:14:28 +0000"
    },
    "done": true
  },
  "ae2:recipes/misc/network/cables/dense_covered_red": {
    "criteria": {
      "has_dyes/black": "2024-07-05 23:14:28 +0000"
    },
    "done": true
  },
  "vampirism:recipes/decorations/vampire/coffin_red_from_white": {
    "criteria": {
      "has_dye": "2024-07-05 23:14:28 +0000"
    },
    "done": true
  },
  "minecraft:recipes/building_blocks/dye_red_bed": {
    "criteria": {
      "has_needed_dye": "2024-07-05 23:14:28 +0000"
    },
    "done": true
  },
  "minecraft:recipes/building_blocks/dye_red_wool": {
    "criteria": {
      "has_needed_dye": "2024-07-05 23:14:28 +0000"
    },
    "done": true
  },
  "minecraft:recipes/misc/orange_dye_from_red_yellow": {
    "criteria": {
      "has_red_dye": "2024-07-05 23:14:28 +0000"
    },
    "done": true
  },
  "minecraft:recipes/decorations/red_stained_glass_pane_from_glass_pane": {
    "criteria": {
      "has_red_dye": "2024-07-05 23:14:28 +0000"
    },
    "done": true
  },
  "minecraft:recipes/misc/magenta_dye_from_blue_red_white_dye": {
    "criteria": {
      "has_rose_red": "2024-07-05 23:14:28 +0000"
    },
    "done": true
  },
  "ae2:recipes/misc/network/cables/dense_smart_red": {
    "criteria": {
      "has_dyes/black": "2024-07-05 23:14:28 +0000"
    },
    "done": true
  },
  "ae2:recipes/misc/network/cables/smart_red": {
    "criteria": {
      "has_dyes/black": "2024-07-05 23:14:28 +0000"
    },
    "done": true
  },
  "minecraft:recipes/building_blocks/dye_red_carpet": {
    "criteria": {
      "has_needed_dye": "2024-07-05 23:14:28 +0000"
    },
    "done": true
  },
  "minecraft:recipes/misc/purple_dye": {
    "criteria": {
      "has_red_dye": "2024-07-05 23:14:28 +0000"
    },
    "done": true
  },
  "minecraft:recipes/decorations/red_candle": {
    "criteria": {
      "has_red_dye": "2024-07-05 23:14:28 +0000"
    },
    "done": true
  },
  "ae2:recipes/misc/network/cables/glass_red": {
    "criteria": {
      "has_dyes/black": "2024-07-05 23:14:28 +0000"
    },
    "done": true
  },
  "minecraft:recipes/misc/pink_dye_from_red_white_dye": {
    "criteria": {
      "has_red_dye": "2024-07-05 23:14:28 +0000"
    },
    "done": true
  },
  "farmersdelight:recipes/food/cooked_mutton_chops_from_campfire_cooking": {
    "criteria": {
      "cooked_mutton_chops": "2024-07-05 23:15:10 +0000"
    },
    "done": true
  },
  "farmersdelight:recipes/food/cooked_mutton_chops": {
    "criteria": {
      "cooked_mutton_chops": "2024-07-05 23:15:10 +0000"
    },
    "done": true
  },
  "farmersdelight:recipes/food/cooked_mutton_chops_from_smoking": {
    "criteria": {
      "cooked_mutton_chops": "2024-07-05 23:15:10 +0000"
    },
    "done": true
  },
  "farmersdelight:main/use_cutting_board": {
    "criteria": {
      "cutting_board": "2024-07-05 23:15:10 +0000"
    },
    "done": true
  },
  "farmersdelight:recipes/food/cooked_bacon_from_campfire_cooking": {
    "criteria": {
      "cooked_bacon": "2024-07-05 23:15:20 +0000"
    },
    "done": true
  },
  "farmersdelight:recipes/food/cooked_bacon_from_smoking": {
    "criteria": {
      "cooked_bacon": "2024-07-05 23:15:20 +0000"
    },
    "done": true
  },
  "farmersdelight:recipes/food/cooked_bacon": {
    "criteria": {
      "cooked_bacon": "2024-07-05 23:15:20 +0000"
    },
    "done": true
  },
  "minecraft:recipes/building_blocks/raw_iron_block": {
    "criteria": {
      "has_raw_iron": "2024-07-05 23:17:10 +0000"
    },
    "done": true
  },
  "minecraft:recipes/misc/iron_ingot_from_blasting_raw_iron": {
    "criteria": {
      "has_raw_iron": "2024-07-05 23:17:10 +0000"
    },
    "done": true
  },
  "biomancy:recipes/biomancy/decomposing/raw_iron_decomposing": {
    "criteria": {
      "has_raw_iron": "2024-07-05 23:17:10 +0000"
    },
    "done": true
  },
  "minecraft:recipes/misc/iron_ingot_from_smelting_raw_iron": {
    "criteria": {
      "has_raw_iron": "2024-07-05 23:17:10 +0000"
    },
    "done": true
  },
  "sophisticatedbackpacks:recipes/misc/copper_backpack": {
    "criteria": {
      "has_backpack": "2024-07-05 23:17:44 +0000"
    },
    "done": true
  },
  "sophisticatedbackpacks:recipes/misc/iron_backpack": {
    "criteria": {
      "has_backpack": "2024-07-05 23:17:44 +0000"
    },
    "done": true
  },
  "farmersdelight:recipes/food/bacon_sandwich": {
    "criteria": {
      "has_bacon": "2024-07-05 23:21:11 +0000"
    },
    "done": true
  },
  "delightful:recipes/food/deluxe_cheeseburger_from_milk": {
    "criteria": {
      "has_bacon": "2024-07-05 23:21:11 +0000"
    },
    "done": true
  },
  "farmersdelight:recipes/food/bacon_and_eggs": {
    "criteria": {
      "has_bacon": "2024-07-05 23:21:11 +0000"
    },
    "done": true
  },
  "minecraft:adventure/adventuring_time": {
    "criteria": {
      "minecraft:beach": "2024-07-05 23:29:53 +0000",
      "minecraft:meadow": "2024-07-05 23:49:55 +0000",
      "minecraft:plains": "2024-07-05 23:24:52 +0000"
    },
    "done": false
  },
  "plenty_of_golems:he_is_awake": {
    "criteria": {
      "he_is_awake": "2024-07-05 23:26:00 +0000"
    },
    "done": true
  },
  "tombstone:adventure/first_grave": {
    "criteria": {
      "coded_trigger": "2024-07-05 23:26:06 +0000"
    },
    "done": true
  },
  "tombstone:recipes/from_grave_key": {
    "criteria": {
      "has_ingredient": "2024-07-05 23:26:07 +0000"
    },
    "done": true
  },
  "tombstone:adventure/cancel_ghostly_shape": {
    "criteria": {
      "coded_trigger": "2024-07-05 23:26:52 +0000"
    },
    "done": true
  },
  "farmersdelight:recipes/cooking/dog_food": {
    "criteria": {
      "has_any_ingredient": "2024-07-05 23:28:30 +0000"
    },
    "done": true
  },
  "biomancy:recipes/biomancy/decomposing/rotten_flesh_decomposing": {
    "criteria": {
      "has_rotten_flesh": "2024-07-05 23:28:30 +0000"
    },
    "done": true
  },
  "minecraft:recipes/building_blocks/oak_planks": {
    "criteria": {
      "has_logs": "2024-07-05 23:29:15 +0000"
    },
    "done": true
  },
  "minecraft:recipes/building_blocks/oak_wood": {
    "criteria": {
      "has_log": "2024-07-05 23:29:15 +0000"
    },
    "done": true
  },
  "farmersdelight:main/get_fd_seed": {
    "criteria": {
      "onion": "2024-07-05 23:29:42 +0000"
    },
    "done": true
  },
  "farmersdelight:recipes/cooking/dumplings": {
    "criteria": {
      "has_any_ingredient": "2024-07-05 23:29:42 +0000"
    },
    "done": true
  },
  "farmersdelight:recipes/cooking/fish_stew": {
    "criteria": {
      "has_any_ingredient": "2024-07-05 23:29:42 +0000"
    },
    "done": true
  },
  "farmersdelight:recipes/food/barbecue_stick": {
    "criteria": {
      "has_onion": "2024-07-05 23:29:42 +0000"
    },
    "done": true
  },
  "farmersdelight:recipes/cooking/fried_rice": {
    "criteria": {
      "has_any_ingredient": "2024-07-05 23:29:42 +0000"
    },
    "done": true
  },
  "farmersdelight:recipes/cooking/ratatouille": {
    "criteria": {
      "has_any_ingredient": "2024-07-05 23:29:42 +0000"
    },
    "done": true
  },
  "farmersdelight:recipes/building_blocks/onion_crate": {
    "criteria": {
      "has_onion": "2024-07-05 23:29:42 +0000"
    },
    "done": true
  },
  "farmersdelight:recipes/cooking/vegetable_soup": {
    "criteria": {
      "has_any_ingredient": "2024-07-05 23:29:42 +0000"
    },
    "done": true
  },
  "minecraft:recipes/misc/paper": {
    "criteria": {
      "has_reeds": "2024-07-05 23:29:56 +0000"
    },
    "done": true
  },
  "minecraft:recipes/misc/sugar_from_sugar_cane": {
    "criteria": {
      "has_sugar_cane": "2024-07-05 23:29:56 +0000"
    },
    "done": true
  },
  "biomancy:recipes/biomancy/decomposing/sugar_cane_decomposing": {
    "criteria": {
      "has_sugar_cane": "2024-07-05 23:29:56 +0000"
    },
    "done": true
  },
  "biomancy:recipes/biomancy/digesting/nutrient_paste_from_digesting_sugar_cane": {
    "criteria": {
      "has_sugar_cane": "2024-07-05 23:29:56 +0000"
    },
    "done": true
  },
  "farmersdelight:recipes/cooking/mushroom_rice": {
    "criteria": {
      "has_any_ingredient": "2024-07-05 23:29:58 +0000"
    },
    "done": true
  },
  "minecraft:recipes/transportation/cherry_boat": {
    "criteria": {
      "in_water": "2024-07-05 23:29:58 +0000"
    },
    "done": true
  },
  "minecraft:recipes/transportation/bamboo_raft": {
    "criteria": {
      "in_water": "2024-07-05 23:29:58 +0000"
    },
    "done": true
  },
  "minecraft:recipes/transportation/acacia_boat": {
    "criteria": {
      "in_water": "2024-07-05 23:29:58 +0000"
    },
    "done": true
  },
  "minecraft:recipes/transportation/jungle_boat": {
    "criteria": {
      "in_water": "2024-07-05 23:29:58 +0000"
    },
    "done": true
  },
  "minecraft:recipes/transportation/spruce_boat": {
    "criteria": {
      "in_water": "2024-07-05 23:29:58 +0000"
    },
    "done": true
  },
  "minecraft:recipes/transportation/birch_boat": {
    "criteria": {
      "in_water": "2024-07-05 23:29:58 +0000"
    },
    "done": true
  },
  "minecraft:recipes/transportation/oak_boat": {
    "criteria": {
      "in_water": "2024-07-05 23:29:58 +0000"
    },
    "done": true
  },
  "vampirism:recipes/transportation/cursed_spruce_boat": {
    "criteria": {
      "in_water": "2024-07-05 23:29:58 +0000"
    },
    "done": true
  },
  "farmersdelight:recipes/cooking/cooked_rice": {
    "criteria": {
      "has_rice": "2024-07-05 23:29:58 +0000"
    },
    "done": true
  },
  "minecraft:recipes/transportation/mangrove_boat": {
    "criteria": {
      "in_water": "2024-07-05 23:29:58 +0000"
    },
    "done": true
  },
  "vampirism:recipes/transportation/dark_spruce_boat": {
    "criteria": {
      "in_water": "2024-07-05 23:29:58 +0000"
    },
    "done": true
  },
  "farmersdelight:recipes/building_blocks/rice_bag": {
    "criteria": {
      "has_rice": "2024-07-05 23:29:58 +0000"
    },
    "done": true
  },
  "minecraft:recipes/transportation/dark_oak_boat": {
    "criteria": {
      "in_water": "2024-07-05 23:29:58 +0000"
    },
    "done": true
  },
  "morevillagers:recipes/hunting_post": {
    "criteria": {
      "has_arrow": "2024-07-05 23:30:15 +0000"
    },
    "done": true
  },
  "minecraft:adventure/kill_all_mobs": {
    "criteria": {
      "minecraft:skeleton": "2024-07-05 23:30:15 +0000",
      "minecraft:spider": "2024-07-06 00:08:31 +0000",
      "minecraft:creeper": "2024-07-06 00:04:01 +0000",
      "minecraft:zombie": "2024-07-06 00:04:28 +0000"
    },
    "done": false
  },
  "minecraft:recipes/misc/bone_meal": {
    "criteria": {
      "has_bone": "2024-07-05 23:30:15 +0000"
    },
    "done": true
  },
  "vampirism:recipes/combat/hunter/crossbow_arrow_from_vanilla": {
    "criteria": {
      "has_arrow": "2024-07-05 23:30:15 +0000"
    },
    "done": true
  },
  "delightful:recipes/knives/bone_knife": {
    "criteria": {
      "has_bones": "2024-07-05 23:30:15 +0000"
    },
    "done": true
  },
  "biomancy:recipes/biomancy/decomposing/forge_bones_decomposing": {
    "criteria": {
      "has_bones": "2024-07-05 23:30:15 +0000"
    },
    "done": true
  },
  "farmersdelight:recipes/cooking/bone_broth": {
    "criteria": {
      "has_bone": "2024-07-05 23:30:15 +0000"
    },
    "done": true
  },
  "minecraft:adventure/kill_a_mob": {
    "criteria": {
      "minecraft:skeleton": "2024-07-05 23:30:15 +0000"
    },
    "done": true
  },
  "minecraft:recipes/misc/flower_banner_pattern": {
    "criteria": {
      "has_oxeye_daisy": "2024-07-05 23:30:29 +0000"
    },
    "done": true
  },
  "minecraft:recipes/misc/light_gray_dye_from_oxeye_daisy": {
    "criteria": {
      "has_oxeye_daisy": "2024-07-05 23:30:29 +0000"
    },
    "done": true
  },
  "farmersdelight:main/get_ham": {
    "criteria": {
      "ham": "2024-07-05 23:37:26 +0000"
    },
    "done": true
  },
  "farmersdelight:recipes/food/smoked_ham": {
    "criteria": {
      "has_ham": "2024-07-05 23:37:26 +0000"
    },
    "done": true
  },
  "biomancy:recipes/biomancy/decomposing/creeper_head_decomposing": {
    "criteria": {
      "has_creeper_head": "2024-07-05 23:39:07 +0000"
    },
    "done": true
  },
  "minecraft:recipes/misc/creeper_banner_pattern": {
    "criteria": {
      "has_creeper_head": "2024-07-05 23:39:07 +0000"
    },
    "done": true
  },
  "minecraft:recipes/decorations/oak_sign": {
    "criteria": {
      "has_planks": "2024-07-05 23:39:26 +0000"
    },
    "done": true
  },
  "another_furniture:recipes/oak_chair": {
    "criteria": {
      "has_planks": "2024-07-05 23:39:26 +0000"
    },
    "done": true
  },
  "minecraft:recipes/building_blocks/oak_slab": {
    "criteria": {
      "has_planks": "2024-07-05 23:39:26 +0000"
    },
    "done": true
  },
  "minecraft:recipes/redstone/oak_fence_gate": {
    "criteria": {
      "has_planks": "2024-07-05 23:39:26 +0000"
    },
    "done": true
  },
  "minecraft:recipes/redstone/oak_door": {
    "criteria": {
      "has_planks": "2024-07-05 23:39:26 +0000"
    },
    "done": true
  },
  "minecraft:recipes/redstone/oak_trapdoor": {
    "criteria": {
      "has_planks": "2024-07-05 23:39:26 +0000"
    },
    "done": true
  },
  "minecraft:recipes/building_blocks/oak_stairs": {
    "criteria": {
      "has_planks": "2024-07-05 23:39:26 +0000"
    },
    "done": true
  },
  "minecraft:recipes/decorations/oak_fence": {
    "criteria": {
      "has_planks": "2024-07-05 23:39:26 +0000"
    },
    "done": true
  },
  "minecraft:recipes/redstone/oak_button": {
    "criteria": {
      "has_planks": "2024-07-05 23:39:26 +0000"
    },
    "done": true
  },
  "another_furniture:recipes/oak_shelf": {
    "criteria": {
      "has_planks": "2024-07-05 23:39:26 +0000"
    },
    "done": true
  },
  "minecraft:recipes/redstone/oak_pressure_plate": {
    "criteria": {
      "has_planks": "2024-07-05 23:39:26 +0000"
    },
    "done": true
  },
  "another_furniture:recipes/oak_table": {
    "criteria": {
      "has_planks": "2024-07-05 23:39:26 +0000"
    },
    "done": true
  },
  "farmersdelight:recipes/food/beef_patty_from_campfire_cooking": {
    "criteria": {
      "beef_patty": "2024-07-05 23:40:26 +0000"
    },
    "done": true
  },
  "farmersdelight:recipes/food/beef_patty": {
    "criteria": {
      "beef_patty": "2024-07-05 23:40:26 +0000"
    },
    "done": true
  },
  "farmersdelight:recipes/food/beef_patty_from_smoking": {
    "criteria": {
      "beef_patty": "2024-07-05 23:40:26 +0000"
    },
    "done": true
  },
  "farmersdelight:recipes/food/hamburger": {
    "criteria": {
      "has_beef_patty": "2024-07-05 23:40:50 +0000"
    },
    "done": true
  },
  "farmersdelight:recipes/misc/iron_nugget_from_blasting_knife": {
    "criteria": {
      "has_iron_knife": "2024-07-05 23:41:23 +0000"
    },
    "done": true
  },
  "farmersdelight:recipes/misc/iron_nugget_from_smelting_knife": {
    "criteria": {
      "has_iron_knife": "2024-07-05 23:41:23 +0000"
    },
    "done": true
  },
  "securitycraft:recipes/misc/sentry": {
    "criteria": {
      "has_iron": "2024-07-05 23:44:58 +0000"
    },
    "done": true
  },
  "enigmaticlegacy:book/accessories/iron_ring": {
    "criteria": {
      "has_the_recipe": "2024-07-05 23:44:58 +0000"
    },
    "done": true
  },
  "vampirism:recipes/decorations/hunter/item_med_chair": {
    "criteria": {
      "has_iron_ingot": "2024-07-05 23:44:58 +0000"
    },
    "done": true
  },
  "ae2:recipes/misc/decorative/light_detector": {
    "criteria": {
      "has_iron_ingot": "2024-07-05 23:44:58 +0000"
    },
    "done": true
  },
  "ironchest:recipes/decorations/upgrades/wood_to_iron_chest_upgrade": {
    "criteria": {
      "has_iron_ingot": "2024-07-05 23:44:58 +0000"
    },
    "done": true
  },
  "minecraft:recipes/combat/iron_helmet": {
    "criteria": {
      "has_iron_ingot": "2024-07-05 23:44:58 +0000"
    },
    "done": true
  },
  "securitycraft:recipes/decorations/floor_trap": {
    "criteria": {
      "has_iron": "2024-07-05 23:44:58 +0000"
    },
    "done": true
  },
  "enigmaticlegacy:recipes/generic/magnet_ring": {
    "criteria": {
      "has_parent_recipe": "2024-07-05 23:44:58 +0000"
    },
    "done": false
  },
  "securitycraft:recipes/misc/storage_module": {
    "criteria": {
      "has_iron": "2024-07-05 23:44:58 +0000"
    },
    "done": true
  },
  "ironchest:recipes/decorations/chests/copper_iron_chest": {
    "criteria": {
      "has_iron_ingot": "2024-07-05 23:44:58 +0000"
    },
    "done": true
  },
  "minecraft:recipes/tools/shears": {
    "criteria": {
      "has_iron_ingot": "2024-07-05 23:44:58 +0000"
    },
    "done": true
  },
  "vampirism:recipes/combat/weapontable/crucifix_enhanced": {
    "criteria": {
      "iron": "2024-07-05 23:44:58 +0000"
    },
    "done": true
  },
  "vampirism:recipes/misc/vampire/blood_infused_iron_ingot": {
    "criteria": {
      "has_iron": "2024-07-05 23:44:58 +0000"
    },
    "done": true
  },
  "minecraft:recipes/building_blocks/iron_block": {
    "criteria": {
      "has_iron_ingot": "2024-07-05 23:44:58 +0000"
    },
    "done": true
  },
  "farmersdelight:recipes/decorations/cooking_pot": {
    "criteria": {
      "has_iron_ingot": "2024-07-05 23:44:58 +0000"
    },
    "done": true
  },
  "securitycraft:recipes/transportation/track_mine": {
    "criteria": {
      "has_iron": "2024-07-05 23:44:58 +0000"
    },
    "done": true
  },
  "securitycraft:recipes/misc/whitelist_module": {
    "criteria": {
      "has_iron": "2024-07-05 23:44:58 +0000"
    },
    "done": true
  },
  "vampirism:recipes/decorations/vampire/altar_tip": {
    "criteria": {
      "has_iron": "2024-07-05 23:44:58 +0000"
    },
    "done": true
  },
  "securitycraft:recipes/misc/security_camera": {
    "criteria": {
      "has_iron": "2024-07-05 23:44:58 +0000"
    },
    "done": true
  },
  "vampirism:recipes/decorations/vampire/blood_container": {
    "criteria": {
      "has_iron": "2024-07-05 23:44:58 +0000"
    },
    "done": true
  },
  "minecraft:recipes/redstone/hopper": {
    "criteria": {
      "has_iron_ingot": "2024-07-05 23:44:58 +0000"
    },
    "done": true
  },
  "securitycraft:recipes/misc/briefcase": {
    "criteria": {
      "has_iron": "2024-07-05 23:44:58 +0000"
    },
    "done": true
  },
  "securitycraft:recipes/redstone/reinforced_fence_gate": {
    "criteria": {
      "has_iron": "2024-07-05 23:44:58 +0000"
    },
    "done": true
  },
  "securitycraft:recipes/misc/electrified_iron_fence": {
    "criteria": {
      "has_iron": "2024-07-05 23:44:58 +0000"
    },
    "done": true
  },
  "securitycraft:recipes/misc/keycard_lv5": {
    "criteria": {
      "has_iron": "2024-07-05 23:44:58 +0000"
    },
    "done": true
  },
  "securitycraft:recipes/misc/keycard_lv3": {
    "criteria": {
      "has_iron": "2024-07-05 23:44:58 +0000"
    },
    "done": true
  },
  "securitycraft:recipes/misc/keycard_lv4": {
    "criteria": {
      "has_iron": "2024-07-05 23:44:58 +0000"
    },
    "done": true
  },
  "securitycraft:recipes/misc/keycard_lv1": {
    "criteria": {
      "has_iron": "2024-07-05 23:44:58 +0000"
    },
    "done": true
  },
  "securitycraft:recipes/misc/keycard_lv2": {
    "criteria": {
      "has_iron": "2024-07-05 23:44:58 +0000"
    },
    "done": true
  },
  "minecraft:recipes/combat/iron_boots": {
    "criteria": {
      "has_iron_ingot": "2024-07-05 23:44:58 +0000"
    },
    "done": true
  },
  "vampirism:recipes/decorations/vampire/candle_stick": {
    "criteria": {
      "has_iron": "2024-07-05 23:44:58 +0000"
    },
    "done": true
  },
  "minecraft:recipes/decorations/lantern": {
    "criteria": {
      "has_iron_ingot": "2024-07-05 23:44:58 +0000"
    },
    "done": true
  },
  "securitycraft:recipes/misc/mine": {
    "criteria": {
      "has_iron": "2024-07-05 23:44:58 +0000"
    },
    "done": true
  },
  "minecraft:recipes/tools/iron_shovel": {
    "criteria": {
      "has_iron_ingot": "2024-07-05 23:44:58 +0000"
    },
    "done": true
  },
  "enigmaticlegacy:recipes/generic/golden_ring": {
    "criteria": {
      "has_parent_recipe": "2024-07-05 23:44:58 +0000"
    },
    "done": false
  },
  "ironchest:recipes/decorations/upgrades/copper_to_iron_chest_upgrade": {
    "criteria": {
      "has_iron_ingot": "2024-07-05 23:44:58 +0000"
    },
    "done": true
  },
  "ironchest:recipes/decorations/chests/vanilla_iron_chest": {
    "criteria": {
      "has_iron_ingot": "2024-07-05 23:44:58 +0000"
    },
    "done": true
  },
  "securitycraft:recipes/misc/trophy_system": {
    "criteria": {
      "has_iron": "2024-07-05 23:44:58 +0000"
    },
    "done": true
  },
  "minecraft:recipes/redstone/iron_trapdoor": {
    "criteria": {
      "has_iron_ingot": "2024-07-05 23:44:58 +0000"
    },
    "done": true
  },
  "vampirism:recipes/decorations/hunter/weapon_table": {
    "criteria": {
      "has_iron_ingot": "2024-07-05 23:44:58 +0000"
    },
    "done": true
  },
  "enigmaticlegacy:recipes/generic/infernal_shield": {
    "criteria": {
      "has_parent_recipe": "2024-07-05 23:44:58 +0000"
    },
    "done": false
  },
  "securitycraft:recipes/misc/speed_module": {
    "criteria": {
      "has_iron": "2024-07-05 23:44:58 +0000"
    },
    "done": true
  },
  "securitycraft:recipes/misc/camera_monitor": {
    "criteria": {
      "has_iron": "2024-07-05 23:44:58 +0000"
    },
    "done": true
  },
  "farmersdelight:recipes/combat/iron_knife": {
    "criteria": {
      "has_iron_ingot": "2024-07-05 23:44:58 +0000"
    },
    "done": true
  },
  "securitycraft:recipes/misc/redstone_module": {
    "criteria": {
      "has_iron": "2024-07-05 23:44:58 +0000"
    },
    "done": true
  },
  "securitycraft:recipes/misc/door_indestructible_iron_item": {
    "criteria": {
      "has_iron": "2024-07-05 23:44:58 +0000"
    },
    "done": true
  },
  "securitycraft:recipes/tools/universal_block_remover": {
    "criteria": {
      "has_iron": "2024-07-05 23:44:58 +0000"
    },
    "done": true
  },
  "biomancy:recipes/biomancy/decomposing/iron_ingot_decomposing": {
    "criteria": {
      "has_iron_ingot": "2024-07-05 23:44:58 +0000"
    },
    "done": true
  },
  "minecraft:recipes/redstone/heavy_weighted_pressure_plate": {
    "criteria": {
      "has_iron_ingot": "2024-07-05 23:44:58 +0000"
    },
    "done": true
  },
  "minecraft:recipes/combat/iron_leggings": {
    "criteria": {
      "has_iron_ingot": "2024-07-05 23:44:58 +0000"
    },
    "done": true
  },
  "securitycraft:recipes/misc/blacklist_module": {
    "criteria": {
      "has_iron": "2024-07-05 23:44:58 +0000"
    },
    "done": true
  },
  "minecraft:recipes/combat/iron_chestplate": {
    "criteria": {
      "has_iron_ingot": "2024-07-05 23:44:58 +0000"
    },
    "done": true
  },
  "securitycraft:recipes/misc/limited_use_keycard": {
    "criteria": {
      "has_iron": "2024-07-05 23:44:58 +0000"
    },
    "done": true
  },
  "securitycraft:recipes/misc/bouncing_betty": {
    "criteria": {
      "has_iron": "2024-07-05 23:44:58 +0000"
    },
    "done": true
  },
  "enigmaticlegacy:recipes/generic/iron_ring": {
    "criteria": {
      "has_iron_ingot": "2024-07-05 23:44:58 +0000"
    },
    "done": true
  },
  "minecraft:recipes/misc/iron_nugget": {
    "criteria": {
      "has_iron_ingot": "2024-07-05 23:44:58 +0000"
    },
    "done": true
  },
  "minecraft:recipes/misc/bucket": {
    "criteria": {
      "has_iron_ingot": "2024-07-05 23:44:58 +0000"
    },
    "done": true
  },
  "securitycraft:recipes/misc/disguise_module": {
    "criteria": {
      "has_iron": "2024-07-05 23:44:58 +0000"
    },
    "done": true
  },
  "minecraft:recipes/transportation/minecart": {
    "criteria": {
      "has_iron_ingot": "2024-07-05 23:44:58 +0000"
    },
    "done": true
  },
  "minecraft:recipes/tools/iron_hoe": {
    "criteria": {
      "has_iron_ingot": "2024-07-05 23:44:58 +0000"
    },
    "done": true
  },
  "securitycraft:recipes/redstone/block_change_detector": {
    "criteria": {
      "has_iron": "2024-07-05 23:44:58 +0000"
    },
    "done": true
  },
  "minecraft:story/smelt_iron": {
    "criteria": {
      "iron": "2024-07-05 23:44:58 +0000"
    },
    "done": true
  },
  "vampirism:recipes/misc/vampire/blood_infused_enhanced_iron_ingot": {
    "criteria": {
      "has_iron": "2024-07-05 23:44:58 +0000"
    },
    "done": true
  },
  "minecraft:recipes/decorations/chain": {
    "criteria": {
      "has_iron_ingot": "2024-07-05 23:44:58 +0000"
    },
    "done": true
  },
  "minecraft:recipes/decorations/smithing_table": {
    "criteria": {
      "has_iron_ingot": "2024-07-05 23:44:58 +0000"
    },
    "done": true
  },
  "minecraft:recipes/combat/iron_sword": {
    "criteria": {
      "has_iron_ingot": "2024-07-05 23:44:58 +0000"
    },
    "done": true
  },
  "minecraft:recipes/tools/iron_pickaxe": {
    "criteria": {
      "has_iron_ingot": "2024-07-05 23:44:58 +0000"
    },
    "done": true
  },
  "minecraft:recipes/combat/shield": {
    "criteria": {
      "has_iron_ingot": "2024-07-05 23:44:58 +0000"
    },
    "done": true
  },
  "minecraft:recipes/decorations/iron_bars": {
    "criteria": {
      "has_iron_ingot": "2024-07-05 23:44:58 +0000"
    },
    "done": true
  },
  "justhammers:recipes/tools/iron_hammer": {
    "criteria": {
      "has_material": "2024-07-05 23:44:58 +0000"
    },
    "done": true
  },
  "hangglider:recipes/tools/glider_framework": {
    "criteria": {
      "has_iron_ingot": "2024-07-05 23:44:58 +0000"
    },
    "done": true
  },
  "securitycraft:recipes/misc/harming_module": {
    "criteria": {
      "has_iron": "2024-07-05 23:44:58 +0000"
    },
    "done": true
  },
  "enigmaticlegacy:recipes/generic/ender_ring": {
    "criteria": {
      "has_parent_recipe": "2024-07-05 23:44:58 +0000"
    },
    "done": false
  },
  "vampirism:recipes/decorations/hunter/alchemical_cauldron": {
    "criteria": {
      "has_iron": "2024-07-05 23:44:58 +0000"
    },
    "done": true
  },
  "securitycraft:recipes/misc/smart_module": {
    "criteria": {
      "has_iron": "2024-07-05 23:44:58 +0000"
    },
    "done": true
  },
  "vampirism:recipes/combat/hunter/crossbow_arrow_normal": {
    "criteria": {
      "has_iron_ingot": "2024-07-05 23:44:58 +0000"
    },
    "done": true
  },
  "ironchest:recipes/decorations/upgrades/iron_to_gold_chest_upgrade": {
    "criteria": {
      "has_iron_ingot": "2024-07-05 23:44:58 +0000"
    },
    "done": true
  },
  "vampirism:recipes/decorations/vampire/candelabra_candles": {
    "criteria": {
      "has_iron": "2024-07-05 23:44:58 +0000"
    },
    "done": true
  },
  "minecraft:recipes/tools/iron_axe": {
    "criteria": {
      "has_iron_ingot": "2024-07-05 23:44:58 +0000"
    },
    "done": true
  },
  "advancednetherite:recipes/misc/netherite_iron_ingot": {
    "criteria": {
      "has_TagKey[minecraft:item / forge:ingots/iron]": "2024-07-05 23:44:58 +0000"
    },
    "done": true
  },
  "minecraft:recipes/redstone/iron_door": {
    "criteria": {
      "has_iron_ingot": "2024-07-05 23:44:58 +0000"
    },
    "done": true
  },
  "minecraft:recipes/misc/magenta_dye_from_lilac": {
    "criteria": {
      "has_lilac": "2024-07-05 23:45:32 +0000"
    },
    "done": true
  },
  "biomancy:recipes/biomancy/digesting/nutrient_paste_from_digesting_tall_flowers": {
    "criteria": {
      "has_tall_flowers": "2024-07-05 23:45:32 +0000"
    },
    "done": true
  },
  "farmersdelight:recipes/cooking/rabbit_stew": {
    "criteria": {
      "has_any_ingredient": "2024-07-05 23:47:41 +0000"
    },
    "done": true
  },
  "biomancy:recipes/biomancy/decomposing/carrot_decomposing": {
    "criteria": {
      "has_carrot": "2024-07-05 23:47:41 +0000"
    },
    "done": true
  },
  "farmersdelight:recipes/cooking/chicken_soup": {
    "criteria": {
      "has_any_ingredient": "2024-07-05 23:47:41 +0000"
    },
    "done": true
  },
  "farmersdelight:recipes/cooking/vegetable_noodles": {
    "criteria": {
      "has_any_ingredient": "2024-07-05 23:47:41 +0000"
    },
    "done": true
  },
  "minecraft:recipes/transportation/carrot_on_a_stick": {
    "criteria": {
      "has_carrot": "2024-07-05 23:47:41 +0000"
    },
    "done": true
  },
  "another_furniture:recipes/black_tall_stool": {
    "criteria": {
      "has_wool": "2024-07-05 23:48:47 +0000"
    },
    "done": true
  },
  "minecraft:recipes/decorations/black_carpet": {
    "criteria": {
      "has_black_wool": "2024-07-05 23:48:47 +0000"
    },
    "done": true
  },
  "minecraft:recipes/decorations/black_bed": {
    "criteria": {
      "has_black_wool": "2024-07-05 23:48:47 +0000"
    },
    "done": true
  },
  "vampirism:recipes/decorations/vampire/coffin_black": {
    "criteria": {
      "has_wool": "2024-07-05 23:48:47 +0000"
    },
    "done": true
  },
  "minecraft:recipes/decorations/black_banner": {
    "criteria": {
      "has_black_wool": "2024-07-05 23:48:47 +0000"
    },
    "done": true
  },
  "vampirism:recipes/combat/vampire/vampire_clothing_hat": {
    "criteria": {
      "has_wool": "2024-07-05 23:48:47 +0000"
    },
    "done": true
  },
  "another_furniture:recipes/black_stool": {
    "criteria": {
      "has_wool": "2024-07-05 23:48:47 +0000"
    },
    "done": true
  },
  "another_furniture:recipes/black_lamp": {
    "criteria": {
      "has_wool": "2024-07-05 23:48:47 +0000"
    },
    "done": true
  },
  "another_furniture:recipes/black_sofa": {
    "criteria": {
      "has_wool": "2024-07-05 23:48:47 +0000"
    },
    "done": true
  },
  "another_furniture:recipes/black_curtain": {
    "criteria": {
      "has_wool": "2024-07-05 23:48:47 +0000"
    },
    "done": true
  },
  "mekanism:materials": {
    "criteria": {
      "material": "2024-07-05 23:51:48 +0000"
    },
    "done": true
  },
  "farmersdelight:recipes/decorations/basket": {
    "criteria": {
      "has_canvas": "2024-07-05 23:53:43 +0000"
    },
    "done": true
  },
  "farmersdelight:recipes/misc/book_from_canvas": {
    "criteria": {
      "has_canvas": "2024-07-05 23:53:43 +0000"
    },
    "done": true
  },
  "farmersdelight:recipes/decorations/full_tatami_mat_from_halves": {
    "criteria": {
      "has_canvas": "2024-07-05 23:53:43 +0000"
    },
    "done": true
  },
  "farmersdelight:recipes/decorations/hanging_canvas_sign": {
    "criteria": {
      "has_canvas": "2024-07-05 23:53:43 +0000"
    },
    "done": true
  },
  "farmersdelight:recipes/decorations/canvas_rug": {
    "criteria": {
      "has_canvas": "2024-07-05 23:53:43 +0000"
    },
    "done": true
  },
  "farmersdelight:recipes/building_blocks/tatami_block_from_full": {
    "criteria": {
      "has_canvas": "2024-07-05 23:53:43 +0000"
    },
    "done": true
  },
  "farmersdelight:recipes/decorations/full_tatami_mat": {
    "criteria": {
      "has_canvas": "2024-07-05 23:53:43 +0000"
    },
    "done": true
  },
  "farmersdelight:recipes/decorations/half_tatami_mat": {
    "criteria": {
      "has_canvas": "2024-07-05 23:53:43 +0000"
    },
    "done": true
  },
  "farmersdelight:recipes/building_blocks/tatami": {
    "criteria": {
      "has_canvas": "2024-07-05 23:53:43 +0000"
    },
    "done": true
  },
  "farmersdelight:recipes/decorations/canvas_sign": {
    "criteria": {
      "has_canvas": "2024-07-05 23:53:43 +0000"
    },
    "done": true
  },
  "farmersdelight:recipes/decorations/painting_from_canvas": {
    "criteria": {
      "has_canvas": "2024-07-05 23:53:43 +0000"
    },
    "done": true
  },
  "farmersdelight:recipes/decorations/scaffolding_from_canvas": {
    "criteria": {
      "has_canvas": "2024-07-05 23:53:43 +0000"
    },
    "done": true
  },
  "minecraft:recipes/brewing/cauldron": {
    "criteria": {
      "has_water_bucket": "2024-07-05 23:54:08 +0000"
    },
    "done": true
  },
  "ironchest:recipes/decorations/chests/vanilla_dirt_chest": {
    "criteria": {
      "has_iron_ingot": "2024-07-05 23:54:21 +0000"
    },
    "done": true
  },
  "biomancy:recipes/biomancy/decomposing/dirt_decomposing": {
    "criteria": {
      "has_dirt": "2024-07-05 23:54:21 +0000"
    },
    "done": true
  },
  "farmersdelight:main/plant_all_crops": {
    "criteria": {
      "wheat": "2024-07-05 23:55:33 +0000",
      "carrot": "2024-07-05 23:54:45 +0000"
    },
    "done": false
  },
  "minecraft:husbandry/plant_seed": {
    "criteria": {
      "wheat": "2024-07-05 23:55:33 +0000"
    },
    "done": true
  },
  "another_furniture:recipes/spruce_flower_box": {
    "criteria": {
      "has_slab": "2024-07-05 23:57:41 +0000"
    },
    "done": true
  },
  "minecraft:recipes/decorations/composter": {
    "criteria": {
      "has_wood_slab": "2024-07-05 23:57:41 +0000"
    },
    "done": true
  },
  "another_furniture:recipes/spruce_bench": {
    "criteria": {
      "has_slab": "2024-07-05 23:57:41 +0000"
    },
    "done": true
  },
  "another_furniture:recipes/spruce_shutter": {
    "criteria": {
      "has_slab": "2024-07-05 23:57:41 +0000"
    },
    "done": true
  },
  "morevillagers:first_workstation_get": {
    "criteria": {
      "composter": "2024-07-05 23:57:45 +0000"
    },
    "done": true
  },
  "morevillagers:all_workstations_get": {
    "criteria": {
      "composter": "2024-07-05 23:57:45 +0000"
    },
    "done": false
  },
  "farmersdelight:recipes/decorations/safety_net": {
    "criteria": {
      "has_rope": "2024-07-05 23:59:09 +0000"
    },
    "done": true
  },
  "morevillagers:recipes/mining_bench": {
    "criteria": {
      "has_iron_pickaxe": "2024-07-05 23:59:59 +0000"
    },
    "done": true
  },
  "minecraft:recipes/misc/iron_nugget_from_smelting": {
    "criteria": {
      "has_iron_pickaxe": "2024-07-05 23:59:59 +0000"
    },
    "done": true
  },
  "minecraft:story/iron_tools": {
    "criteria": {
      "iron_pickaxe": "2024-07-05 23:59:59 +0000"
    },
    "done": true
  },
  "minecraft:recipes/misc/iron_nugget_from_blasting": {
    "criteria": {
      "has_iron_pickaxe": "2024-07-05 23:59:59 +0000"
    },
    "done": true
  },
  "minecraft:recipes/redstone/dispenser": {
    "criteria": {
      "has_bow": "2024-07-06 00:01:25 +0000"
    },
    "done": true
  },
  "securitycraft:recipes/redstone/reinforced_dispenser": {
    "criteria": {
      "has_bow": "2024-07-06 00:01:25 +0000"
    },
    "done": true
  },
  "vampirism:recipes/decorations/hunter/hunter_table": {
    "criteria": {
      "has_fang": "2024-07-06 00:03:10 +0000"
    },
    "done": true
  },
  "vampirism:main/root": {
    "criteria": {
      "main": "2024-07-06 00:03:10 +0000"
    },
    "done": true
  },
  "minecraft:adventure/shoot_arrow": {
    "criteria": {
      "shot_arrow": "2024-07-06 00:03:39 +0000"
    },
    "done": true
  },
  "tombstone:adventure/find_grave_dust": {
    "criteria": {
      "from_undead": "2024-07-06 00:04:28 +0000"
    },
    "done": true
  },
  "tombstone:adventure/first_knowledge": {
    "criteria": {
      "coded_trigger": "2024-07-06 00:04:28 +0000"
    },
    "done": true
  },
  "ae2:recipes/misc/misc/tiny_tnt": {
    "criteria": {
      "has_gunpowder": "2024-07-06 00:05:26 +0000"
    },
    "done": true
  },
  "minecraft:recipes/misc/firework_rocket_simple": {
    "criteria": {
      "has_gunpowder": "2024-07-06 00:05:26 +0000"
    },
    "done": true
  },
  "minecraft:recipes/redstone/tnt": {
    "criteria": {
      "has_gunpowder": "2024-07-06 00:05:26 +0000"
    },
    "done": true
  },
  "tombstone:recipes/from_grave_dust": {
    "criteria": {
      "has_ingredient": "2024-07-06 00:05:27 +0000"
    },
    "done": true
  },
  "minecraft:story/deflect_arrow": {
    "criteria": {
      "deflected_projectile": "2024-07-06 00:07:06 +0000"
    },
    "done": true
  },
  "biomancy:recipes/biomancy/decomposing/spider_eye_decomposing": {
    "criteria": {
      "has_spider_eye": "2024-07-06 00:08:32 +0000"
    },
    "done": true
  },
  "minecraft:recipes/brewing/fermented_spider_eye": {
    "criteria": {
      "has_spider_eye": "2024-07-06 00:08:32 +0000"
    },
    "done": true
  },
  "majruszsdifficulty:creeperling": {
    "criteria": {
      "encountered_creeperling": "2024-07-06 00:08:36 +0000"
    },
    "done": true
  },
  "tombstone:adventure/combine_in_inventory": {
    "criteria": {
      "coded_trigger": "2024-07-06 00:10:00 +0000"
    },
    "done": true
  },
  "tombstone:adventure/ashes_and_bones": {
    "criteria": {
      "coded_trigger": "2024-07-06 00:10:23 +0000"
    },
    "done": true
  },
  "securitycraft:recipes/building_blocks/reinforced_packed_mud": {
    "criteria": {
      "has_wheat": "2024-07-06 00:18:55 +0000"
    },
    "done": true
  },
  "minecraft:recipes/food/bread": {
    "criteria": {
      "has_wheat": "2024-07-06 00:18:55 +0000"
    },
    "done": true
  },
  "minecraft:recipes/building_blocks/hay_block": {
    "criteria": {
      "has_wheat": "2024-07-06 00:18:55 +0000"
    },
    "done": true
  },
  "farmersdelight:recipes/food/pie_crust": {
    "criteria": {
      "has_wheat": "2024-07-06 00:18:55 +0000"
    },
    "done": true
  },
  "farmersdelight:recipes/food/wheat_dough_from_eggs": {
    "criteria": {
      "has_wheat": "2024-07-06 00:18:55 +0000"
    },
    "done": true
  },
  "farmersdelight:recipes/food/wheat_dough_from_water": {
    "criteria": {
      "has_wheat": "2024-07-06 00:18:55 +0000"
    },
    "done": true
  },
  "biomancy:recipes/biomancy/digesting/nutrient_paste_from_digesting_wheat": {
    "criteria": {
      "has_wheat": "2024-07-06 00:18:55 +0000"
    },
    "done": true
  },
  "minecraft:recipes/decorations/spruce_hanging_sign": {
    "criteria": {
      "has_stripped_logs": "2024-07-06 00:19:53 +0000"
    },
    "done": true
  },
  "minecraft:recipes/building_blocks/stripped_spruce_wood": {
    "criteria": {
      "has_log": "2024-07-06 00:19:53 +0000"
    },
    "done": true
  },
  "farmersdelight:recipes/misc/paper_from_tree_bark": {
    "criteria": {
      "has_tree_bark": "2024-07-06 00:19:53 +0000"
    },
    "done": true
  },
  "enigmaticlegacy:recipes/generic/avarice_scroll": {
    "criteria": {
      "has_parent_recipe": "2024-07-06 00:20:48 +0000"
    },
    "done": false
  },
  "enigmaticlegacy:recipes/generic/thicc_scroll": {
    "criteria": {
      "has_items": "2024-07-06 00:20:48 +0000"
    },
    "done": true
  },
  "enigmaticlegacy:recipes/generic/heaven_scroll": {
    "criteria": {
      "has_parent_recipe": "2024-07-06 00:20:48 +0000"
    },
    "done": false
  },
  "enigmaticlegacy:recipes/generic/escape_scroll": {
    "criteria": {
      "has_parent_recipe": "2024-07-06 00:20:48 +0000"
    },
    "done": false
  },
  "enigmaticlegacy:recipes/generic/berserk_charm": {
    "criteria": {
      "has_parent_recipe": "2024-07-06 00:20:48 +0000"
    },
    "done": false
  },
  "minecraft:recipes/misc/book": {
    "criteria": {
      "has_paper": "2024-07-06 00:20:48 +0000"
    },
    "done": true
  },
  "buildinggadgets2:recipes/misc/template_manager": {
    "criteria": {
      "has_paper": "2024-07-06 00:20:48 +0000"
    },
    "done": true
  },
  "morevillagers:recipes/blueprint_table": {
    "criteria": {
      "has_paper": "2024-07-06 00:20:48 +0000"
    },
    "done": true
  },
  "enigmaticlegacy:recipes/generic/lore_fragment": {
    "criteria": {
      "has_items": "2024-07-06 00:20:48 +0000"
    },
    "done": true
  },
  "minecraft:recipes/decorations/cartography_table": {
    "criteria": {
      "has_paper": "2024-07-06 00:20:48 +0000"
    },
    "done": true
  },
  "enigmaticlegacy:book/accessories/arcane_scrolls": {
    "criteria": {
      "has_the_recipe": "2024-07-06 00:20:48 +0000"
    },
    "done": true
  },
  "enigmaticlegacy:recipes/generic/xp_scroll": {
    "criteria": {
      "has_parent_recipe": "2024-07-06 00:20:48 +0000"
    },
    "done": false
  },
  "enigmaticlegacy:recipes/generic/cursed_scroll": {
    "criteria": {
      "has_parent_recipe": "2024-07-06 00:20:48 +0000"
    },
    "done": false
  },
  "vampirism:recipes/alchemy_table/alchemy_table/vampire_blood_oil": {
    "criteria": {
      "has_wheat_seeds": "2024-07-06 00:26:20 +0000"
    },
    "done": true
  },
  "farmersdelight:recipes/cooking/glow_berry_custard": {
    "criteria": {
      "has_any_ingredient": "2024-07-06 00:31:30 +0000"
    },
    "done": true
  },
  "farmersdelight:recipes/cooking/hot_cocoa": {
    "criteria": {
      "has_any_ingredient": "2024-07-06 00:31:30 +0000"
    },
    "done": true
  },
  "farmersdelight:recipes/food/milk_bottle": {
    "criteria": {
      "has_milk_bucket": "2024-07-06 00:31:30 +0000"
    },
    "done": true
  },
  "tombstone:adventure/chain_death": {
    "criteria": {
      "coded_trigger": "2024-07-06 00:34:29 +0000"
    },
    "done": true
  },
  "minecraft:husbandry/breed_an_animal": {
    "criteria": {
      "bred": "2024-07-06 00:48:22 +0000"
    },
    "done": true
  },
  "minecraft:husbandry/bred_all_animals": {
    "criteria": {
      "minecraft:pig": "2024-07-06 17:11:15 +0000",
      "minecraft:cow": "2024-07-06 00:48:22 +0000"
    },
    "done": false
  },
  "minecraft:recipes/misc/yellow_dye_from_dandelion": {
    "criteria": {
      "has_dandelion": "2024-07-06 00:49:35 +0000"
    },
    "done": true
  },
  "minecraft:recipes/misc/blue_dye_from_cornflower": {
    "criteria": {
      "has_cornflower": "2024-07-06 00:49:37 +0000"
    },
    "done": true
  },
  "minecraft:recipes/redstone/lightning_rod": {
    "criteria": {
      "has_copper_ingot": "2024-07-06 00:54:27 +0000"
    },
    "done": true
  },
  "ironchest:recipes/decorations/upgrades/wood_to_copper_chest_upgrade": {
    "criteria": {
      "has_copper_ingot": "2024-07-06 00:54:27 +0000"
    },
    "done": true
  },
  "minecraft:recipes/building_blocks/copper_block": {
    "criteria": {
      "has_copper_ingot": "2024-07-06 00:54:27 +0000"
    },
    "done": true
  },
  "minecraft:recipes/tools/brush": {
    "criteria": {
      "has_copper_ingot": "2024-07-06 00:54:27 +0000"
    },
    "done": true
  },
  "biomancy:recipes/biomancy/decomposing/copper_ingot_decomposing": {
    "criteria": {
      "has_copper_ingot": "2024-07-06 00:54:27 +0000"
    },
    "done": true
  },
  "ironchest:recipes/decorations/chests/vanilla_copper_chest": {
    "criteria": {
      "has_copper_ingot": "2024-07-06 00:54:27 +0000"
    },
    "done": true
  },
  "ae2:main/root": {
    "criteria": {
      "copper": "2024-07-06 00:54:27 +0000"
    },
    "done": true
  },
  "dungeons_arise:find_small_blimp": {
    "criteria": {
      "location0": "2024-07-06 01:02:13 +0000"
    },
    "done": true
  },
  "minecraft:recipes/redstone/redstone_torch": {
    "criteria": {
      "has_redstone": "2024-07-06 01:05:09 +0000"
    },
    "done": true
  },
  "securitycraft:recipes/misc/username_logger": {
    "criteria": {
      "has_redstone": "2024-07-06 01:05:09 +0000"
    },
    "done": true
  },
  "minecraft:recipes/redstone/target": {
    "criteria": {
      "has_redstone": "2024-07-06 01:05:09 +0000"
    },
    "done": true
  },
  "ae2:recipes/misc/network/cells/fluid_cell_housing": {
    "criteria": {
      "has_dusts/redstone": "2024-07-06 01:05:09 +0000"
    },
    "done": true
  },
  "minecraft:recipes/tools/compass": {
    "criteria": {
      "has_redstone": "2024-07-06 01:05:09 +0000"
    },
    "done": true
  },
  "ae2:recipes/misc/network/cables/smart_fluix": {
    "criteria": {
      "has_dusts/redstone": "2024-07-06 01:05:09 +0000"
    },
    "done": true
  },
  "securitycraft:recipes/misc/portable_tune_player": {
    "criteria": {
      "has_redstone": "2024-07-06 01:05:09 +0000"
    },
    "done": true
  },
  "securitycraft:recipes/redstone/portable_radar": {
    "criteria": {
      "has_redstone": "2024-07-06 01:05:09 +0000"
    },
    "done": true
  },
  "ae2:recipes/misc/network/cells/item_cell_housing": {
    "criteria": {
      "has_dusts/redstone": "2024-07-06 01:05:09 +0000"
    },
    "done": true
  },
  "securitycraft:recipes/tools/taser": {
    "criteria": {
      "has_redstone": "2024-07-06 01:05:09 +0000"
    },
    "done": true
  },
  "minecraft:recipes/redstone/redstone_block": {
    "criteria": {
      "has_redstone": "2024-07-06 01:05:09 +0000"
    },
    "done": true
  },
  "ae2:recipes/misc/network/cables/dense_smart_fluix": {
    "criteria": {
      "has_dusts/redstone": "2024-07-06 01:05:09 +0000"
    },
    "done": true
  },
  "biomancy:recipes/biomancy/decomposing/redstone_decomposing": {
    "criteria": {
      "has_redstone": "2024-07-06 01:05:09 +0000"
    },
    "done": true
  },
  "securitycraft:recipes/redstone/reinforced_dropper": {
    "criteria": {
      "has_redstone": "2024-07-06 01:05:09 +0000"
    },
    "done": true
  },
  "securitycraft:recipes/tools/universal_key_changer": {
    "criteria": {
      "has_redstone": "2024-07-06 01:05:09 +0000"
    },
    "done": true
  },
  "securitycraft:recipes/redstone/alarm": {
    "criteria": {
      "has_redstone": "2024-07-06 01:05:09 +0000"
    },
    "done": true
  },
  "minecraft:recipes/tools/clock": {
    "criteria": {
      "has_redstone": "2024-07-06 01:05:09 +0000"
    },
    "done": true
  },
  "securitycraft:recipes/tools/universal_block_reinforcer_lvl1": {
    "criteria": {
      "has_redstone": "2024-07-06 01:05:09 +0000"
    },
    "done": true
  },
  "securitycraft:recipes/tools/universal_block_reinforcer_lvl3": {
    "criteria": {
      "has_redstone": "2024-07-06 01:05:09 +0000"
    },
    "done": true
  },
  "securitycraft:recipes/tools/universal_block_reinforcer_lvl2": {
    "criteria": {
      "has_redstone": "2024-07-06 01:05:09 +0000"
    },
    "done": true
  },
  "securitycraft:recipes/redstone/reinforced_piston": {
    "criteria": {
      "has_redstone": "2024-07-06 01:05:09 +0000"
    },
    "done": true
  },
  "minecraft:recipes/redstone/note_block": {
    "criteria": {
      "has_redstone": "2024-07-06 01:05:09 +0000"
    },
    "done": true
  },
  "securitycraft:recipes/redstone/reinforced_redstone_lamp": {
    "criteria": {
      "has_redstone": "2024-07-06 01:05:09 +0000"
    },
    "done": true
  },
  "securitycraft:recipes/misc/keypad_frame": {
    "criteria": {
      "has_redstone": "2024-07-06 01:05:09 +0000"
    },
    "done": true
  },
  "securitycraft:recipes/misc/claymore": {
    "criteria": {
      "has_redstone": "2024-07-06 01:05:09 +0000"
    },
    "done": true
  },
  "minecraft:recipes/redstone/dropper": {
    "criteria": {
      "has_redstone": "2024-07-06 01:05:09 +0000"
    },
    "done": true
  },
  "securitycraft:recipes/redstone/panic_button": {
    "criteria": {
      "has_redstone": "2024-07-06 01:05:09 +0000"
    },
    "done": true
  },
  "vampirism:recipes/misc/vampire/garlic_finder": {
    "criteria": {
      "has_redstone": "2024-07-06 01:05:09 +0000"
    },
    "done": true
  },
  "securitycraft:recipes/tools/universal_block_modifier": {
    "criteria": {
      "has_redstone": "2024-07-06 01:05:09 +0000"
    },
    "done": true
  },
  "securitycraft:recipes/misc/cage_trap": {
    "criteria": {
      "has_redstone": "2024-07-06 01:05:09 +0000"
    },
    "done": true
  },
  "minecraft:recipes/redstone/piston": {
    "criteria": {
      "has_redstone": "2024-07-06 01:05:09 +0000"
    },
    "done": true
  },
  "minecraft:recipes/decorations/armor_stand": {
    "criteria": {
      "has_stone_slab": "2024-07-06 01:05:43 +0000"
    },
    "done": true
  },
  "minecraft:recipes/building_blocks/smooth_quartz_slab": {
    "criteria": {
      "has_smooth_quartz": "2024-07-06 01:05:45 +0000"
    },
    "done": true
  },
  "minecraft:recipes/building_blocks/quartz_slab": {
    "criteria": {
      "has_chiseled_quartz_block": "2024-07-06 01:05:45 +0000"
    },
    "done": true
  },
  "minecraft:recipes/building_blocks/quartz_stairs": {
    "criteria": {
      "has_chiseled_quartz_block": "2024-07-06 01:05:45 +0000"
    },
    "done": true
  },
  "minecraft:recipes/building_blocks/smooth_quartz_stairs": {
    "criteria": {
      "has_smooth_quartz": "2024-07-06 01:05:45 +0000"
    },
    "done": true
  },
  "minecraft:recipes/building_blocks/smooth_quartz_slab_from_smooth_quartz_stonecutting": {
    "criteria": {
      "has_smooth_quartz": "2024-07-06 01:05:45 +0000"
    },
    "done": true
  },
  "minecraft:recipes/building_blocks/quartz_pillar": {
    "criteria": {
      "has_chiseled_quartz_block": "2024-07-06 01:05:45 +0000"
    },
    "done": true
  },
  "minecraft:recipes/building_blocks/smooth_quartz_stairs_from_smooth_quartz_stonecutting": {
    "criteria": {
      "has_smooth_quartz": "2024-07-06 01:05:45 +0000"
    },
    "done": true
  },
  "minecraft:recipes/building_blocks/chiseled_quartz_block": {
    "criteria": {
      "has_chiseled_quartz_block": "2024-07-06 01:05:45 +0000"
    },
    "done": true
  },
  "minecraft:story/obtain_armor": {
    "criteria": {
      "iron_helmet": "2024-07-06 01:05:54 +0000"
    },
    "done": true
  },
  "minecraft:recipes/redstone/lectern": {
    "criteria": {
      "has_book": "2024-07-06 01:08:03 +0000"
    },
    "done": true
  },
  "minecraft:recipes/misc/writable_book": {
    "criteria": {
      "has_book": "2024-07-06 01:08:03 +0000"
    },
    "done": true
  },
  "enigmaticlegacy:book/accessories/insignia": {
    "criteria": {
      "has_the_recipe": "2024-07-06 01:08:03 +0000"
    },
    "done": true
  },
  "enigmaticlegacy:book/misc/animal_guidebook": {
    "criteria": {
      "has_the_recipe": "2024-07-06 01:08:03 +0000"
    },
    "done": true
  },
  "enigmaticlegacy:recipes/generic/animal_guidebook": {
    "criteria": {
      "has_items": "2024-07-06 01:08:03 +0000"
    },
    "done": true
  },
  "minecraft:recipes/building_blocks/bookshelf": {
    "criteria": {
      "has_book": "2024-07-06 01:08:03 +0000"
    },
    "done": true
  },
  "securitycraft:recipes/building_blocks/reinforced_chiseled_bookshelf": {
    "criteria": {
      "has_book": "2024-07-06 01:08:03 +0000"
    },
    "done": true
  },
  "enigmaticlegacy:recipes/generic/insignia": {
    "criteria": {
      "has_iron_ingot": "2024-07-06 01:08:03 +0000"
    },
    "done": true
  },
  "minecraft:recipes/building_blocks/chiseled_bookshelf": {
    "criteria": {
      "has_book": "2024-07-06 01:08:03 +0000"
    },
    "done": true
  },
  "securitycraft:recipes/building_blocks/reinforced_bookshelf": {
    "criteria": {
      "has_book": "2024-07-06 01:08:03 +0000"
    },
    "done": true
  },
  "vampirism:recipes/decorations/general/altar_cleansing_new": {
    "criteria": {
      "has_book": "2024-07-06 01:08:03 +0000"
    },
    "done": true
  },
  "securitycraft:recipes/tools/universal_owner_changer": {
    "criteria": {
      "has_name_tag": "2024-07-06 01:08:03 +0000"
    },
    "done": true
  },
  "securitycraft:recipes/redstone/reinforced_sticky_piston": {
    "criteria": {
      "has_slime_ball": "2024-07-06 01:08:04 +0000"
    },
    "done": true
  },
  "minecraft:recipes/redstone/slime_block": {
    "criteria": {
      "has_slime_ball": "2024-07-06 01:08:04 +0000"
    },
    "done": true
  },
  "minecraft:recipes/tools/lead": {
    "criteria": {
      "has_slime_ball": "2024-07-06 01:08:04 +0000"
    },
    "done": true
  },
  "minecraft:recipes/redstone/sticky_piston": {
    "criteria": {
      "has_slime_ball": "2024-07-06 01:08:04 +0000"
    },
    "done": true
  },
  "biomancy:recipes/biomancy/decomposing/slime_ball_decomposing": {
    "criteria": {
      "has_slime_ball": "2024-07-06 01:08:04 +0000"
    },
    "done": true
  },
  "minecraft:recipes/building_blocks/stone_bricks": {
    "criteria": {
      "has_stone": "2024-07-06 01:08:36 +0000"
    },
    "done": true
  },
  "minecraft:recipes/building_blocks/stone_bricks_from_stone_stonecutting": {
    "criteria": {
      "has_stone": "2024-07-06 01:08:36 +0000"
    },
    "done": true
  },
  "minecraft:recipes/building_blocks/stone_slab": {
    "criteria": {
      "has_stone": "2024-07-06 01:08:36 +0000"
    },
    "done": true
  },
  "additionallanterns:recipes/misc/stone_chain": {
    "criteria": {
      "recipe_condition": "2024-07-06 01:08:36 +0000"
    },
    "done": true
  },
  "minecraft:recipes/building_blocks/stone_stairs_from_stone_stonecutting": {
    "criteria": {
      "has_stone": "2024-07-06 01:08:36 +0000"
    },
    "done": true
  },
  "minecraft:recipes/redstone/stone_button": {
    "criteria": {
      "has_stone": "2024-07-06 01:08:36 +0000"
    },
    "done": true
  },
  "minecraft:recipes/redstone/stone_pressure_plate": {
    "criteria": {
      "has_stone": "2024-07-06 01:08:36 +0000"
    },
    "done": true
  },
  "justhammers:recipes/tools/stone_destructor_hammer": {
    "criteria": {
      "has_material": "2024-07-06 01:08:36 +0000"
    },
    "done": true
  },
  "minecraft:recipes/redstone/repeater": {
    "criteria": {
      "has_redstone_torch": "2024-07-06 01:08:36 +0000"
    },
    "done": true
  },
  "justhammers:recipes/tools/stone_impact_hammer": {
    "criteria": {
      "has_material": "2024-07-06 01:08:36 +0000"
    },
    "done": true
  },
  "minecraft:recipes/building_blocks/stone_stairs": {
    "criteria": {
      "has_stone": "2024-07-06 01:08:36 +0000"
    },
    "done": true
  },
  "justhammers:recipes/tools/stone_reinforced_impact_hammer": {
    "criteria": {
      "has_material": "2024-07-06 01:08:36 +0000"
    },
    "done": true
  },
  "minecraft:recipes/decorations/stonecutter": {
    "criteria": {
      "has_stone": "2024-07-06 01:08:36 +0000"
    },
    "done": true
  },
  "minecraft:recipes/building_blocks/smooth_stone": {
    "criteria": {
      "has_stone": "2024-07-06 01:08:36 +0000"
    },
    "done": true
  },
  "minecraft:recipes/decorations/stone_brick_walls_from_stone_stonecutting": {
    "criteria": {
      "has_stone": "2024-07-06 01:08:36 +0000"
    },
    "done": true
  },
  "minecraft:recipes/building_blocks/stone_brick_slab_from_stone_stonecutting": {
    "criteria": {
      "has_stone": "2024-07-06 01:08:36 +0000"
    },
    "done": true
  },
  "minecraft:recipes/building_blocks/stone_brick_stairs_from_stone_stonecutting": {
    "criteria": {
      "has_stone": "2024-07-06 01:08:36 +0000"
    },
    "done": true
  },
  "minecraft:recipes/building_blocks/stone_slab_from_stone_stonecutting": {
    "criteria": {
      "has_stone": "2024-07-06 01:08:36 +0000"
    },
    "done": true
  },
  "justhammers:recipes/tools/stone_hammer": {
    "criteria": {
      "has_material": "2024-07-06 01:08:36 +0000"
    },
    "done": true
  },
  "minecraft:recipes/building_blocks/chiseled_stone_bricks_stone_from_stonecutting": {
    "criteria": {
      "has_stone": "2024-07-06 01:08:36 +0000"
    },
    "done": true
  },
  "justhammers:recipes/tools/stone_reinforced_hammer": {
    "criteria": {
      "has_material": "2024-07-06 01:08:36 +0000"
    },
    "done": true
  },
  "enigmaticlegacy:recipes/generic/redstonelamps": {
    "criteria": {
      "has_core_block": "2024-07-06 01:08:37 +0000"
    },
    "done": false
  },
  "adhooks:recipes/tools/prototype_launcher": {
    "criteria": {
      "has_item": "2024-07-06 01:13:18 +0000"
    },
    "done": true
  },
  "tombstone:adventure/vanishing": {
    "criteria": {
      "coded_trigger": "2024-07-06 01:14:10 +0000"
    },
    "done": true
  },
  "additionallanterns:recipes/misc/copper_chain": {
    "criteria": {
      "recipe_condition": "2024-07-06 16:56:30 +0000"
    },
    "done": true
  },
  "minecraft:recipes/misc/white_dye": {
    "criteria": {
      "has_bone_meal": "2024-07-06 17:09:59 +0000"
    },
    "done": true
  },
  "minecraft:recipes/building_blocks/cut_copper_stairs_from_copper_block_stonecutting": {
    "criteria": {
      "has_copper_block": "2024-07-06 16:56:30 +0000"
    },
    "done": true
  },
  "minecraft:recipes/building_blocks/cut_copper": {
    "criteria": {
      "has_copper_block": "2024-07-06 16:56:30 +0000"
    },
    "done": true
  },
  "minecraft:recipes/building_blocks/waxed_copper_block_from_honeycomb": {
    "criteria": {
      "has_copper_block": "2024-07-06 16:56:30 +0000"
    },
    "done": true
  },
  "biomancy:recipes/biomancy/decomposing/bone_meal_decomposing": {
    "criteria": {
      "has_bone_meal": "2024-07-06 17:09:59 +0000"
    },
    "done": true
  },
  "minecraft:recipes/building_blocks/bone_block": {
    "criteria": {
      "has_bone_meal": "2024-07-06 17:09:59 +0000"
    },
    "done": true
  },
  "minecraft:recipes/building_blocks/cut_copper_from_copper_block_stonecutting": {
    "criteria": {
      "has_copper_block": "2024-07-06 16:56:30 +0000"
    },
    "done": true
  },
  "minecraft:recipes/misc/copper_ingot": {
    "criteria": {
      "has_copper_block": "2024-07-06 16:56:30 +0000"
    },
    "done": true
  },
  "minecraft:recipes/building_blocks/cut_copper_slab_from_copper_block_stonecutting": {
    "criteria": {
      "has_copper_block": "2024-07-06 16:56:30 +0000"
    },
    "done": true
  },
  "DataVersion": 3465
}